ID товара;наименование;описание;цена;орг %;ccылка на товар на сайте поставщика;ссылки на Фото;размер
;Арт. MW-1121 Футболка с длинным рукавом Malwee;Материал: 100 % хлопок Бренд: Malwee  ;220;15;https://junior35.ru/catalog/jumpingbeans/futbolka_s_dlinnym_rukavom_malwee_art_mw1121;https://junior35.ru/assets/images/products/2634/prod/47.jpg;"Размер: 2 г - Остаток: 1"
;Арт. LM-643 Футболка Little Maven;Материал: 100% хлопок Бренд: Little Maven Страна бренда: США  ;170;15;https://junior35.ru/catalog/littlemaven/futbolka_little_maven_art_lm643;https://junior35.ru/assets/images/products/1358/prod/643.jpg;"Размер: 18 мес - Остаток: 6;Размер: 2 - Остаток: 2"
;Арт. S-081 Носки Caramella (подарочная упаковка, 4 шт.);Материал: 78%хлопок,19 % полиэстер, 3% эластен Бренд: Socks  ;315;15;https://junior35.ru/noski-caramella-(podarochnaya-upakovka,-4-sht.)-/-art.-s-081.html;https://junior35.ru/assets/images/products/3180/prod/79.jpg;"Размер: S(1-3г) - Остаток: 3;Размер: M(3-5л) - Остаток: 13"
;Арт. S-086 Носки махровые (подарочная упаковка, 4 шт.);Материал: 83%хлопок,14 % полиэстер, 3% эластен Бренд: Socks  ;320;15;https://junior35.ru/catalog/socks/noski_makhrovye_podarochnaya_upakovka_4_sht_art_s086;https://junior35.ru/assets/images/products/3185/prod/15.jpg;"Размер: M(3-5л) - Остаток: 16"
;Арт. S-085 Носки махровые (подарочная упаковка, 4 шт.);Материал: 83%хлопок,4 % полиэстер, 3% эластен Бренд: Socks  ;320;15;https://junior35.ru/catalog/socks/noski_makhrovye_podarochnaya_upakovka_4_sht_art_s085;https://junior35.ru/assets/images/products/3184/prod/16.jpg;"Размер: M(3-5л) - Остаток: 9"
;Арт. T-054 Колготки;Материал: 75% хлопок, 20% полиамид, 5% эластен  ;110;15;https://junior35.ru/kolgotki-/-art.-t-054.html;https://junior35.ru/assets/images/products/2941/prod/30.jpg;"Размер: 74-80 - Остаток: 3"
;Арт. LM-1349 Футболка Little Maven;Материал: 100 % хлопок Бренд: Little Maven Страна бренда: США  ;220;15;https://junior35.ru/catalog/littlemaven/futbolka__little_maven_art_lm1349;https://junior35.ru/assets/images/products/3224/prod/24.jpg;"Размер: 2 - Остаток: 2"
;Арт. LM-1350 Футболка Little Maven;Материал: 100 % хлопок Бренд: Little Maven Страна бренда: США  ;220;15;https://junior35.ru/catalog/littlemaven/futbolka__little_maven_art_lm1350;https://junior35.ru/assets/images/products/3225/prod/36.jpg;"Размер: 2 - Остаток: 3"
;Арт. CR-161 Комплект из трёх предметов Carters;Материал: 100% хлопок Бренд: Carters Комплект на 6 мес.- длина футболки 31 см, ширина 27 см. длина шорт 19 см, ширина 27 см. длина боди 40 см, ширина 23 см Комплект на 9 мес.- длина футболки 32 см, ширина 28 см. длина шорт 21 см, ширина 29 см. длина боди 42 см, ширина 24 см Комплект на 12 мес- длина футболка 33 см, ширина 29 см. длина шорт 23 см, ширина 29 см. длина боди 43 см, ширина 26 см Комплект на 18 мес- длина футболки 35 см, ширина 30 см. длина шорт 24 см, ширина 30 см. длина боди 45 см, ширина 27 см Комплект на 24 мес- длина футболки 37 см, ширина 31 см. длина шорт 26 см, ширина 32 см. длина боди 49 см, ширина 28 см ;440;15;https://junior35.ru/catalog/carters/komplekt_iz_tryekh_predmetov_carters_art_cr161;https://junior35.ru/assets/images/products/3495/prod/25.jpg;"Размер: 6 мес - Остаток: 1"
;Арт. CR-165 Комплект из трёх предметов Carters;Материал: 100% хлопок Бренд: Carters Комплект на 6 мес- длина футболки 31 см, ширина 25 см. длина шорт 22 см, ширина 26 см. длина боди 40 см, ширина 20 см Комплект на 9 мес- длина футболки 32 см, ширина 26 см. длина шорт 23 см, ширина 27 см. длина боди 42 см, ширина 21 см Комплект на 12 мес- длина футболки 34 см, ширина 27 см. длина шорт 25 см, ширина 28 см. длина боди 45 см, ширина 22 см Комплект на 18 мес- длина футболки 35 см, ширина 28 см. длина шорт 27 см, ширина 29 см. длина боди 47 см, ширина 24 см Комплект на 24 мес- длина футболки 38 см, ширина 29 см. длина шорт 29 см, ширина 30 см. длина боди 49 см, ширина 25 см ;440;15;https://junior35.ru/catalog/carters/komplekt_iz_tryekh_predmetov_carters_art_cr165;https://junior35.ru/assets/images/products/3499/prod/19.jpg;"Размер: 6 мес - Остаток: 1"
;Арт. CR-163 Комплект из трёх предметов Carters;Материал: 100% хлопок Бренд: Carters 6 мес- длина футболки 32 см, ширина 26 см, длина боди 40 см, длина шорт 20 см, 29 см 9 мес- длина футболки 33 см, ширина 28 см, длина боди 42 см, длина шорт 21 см, ширина 30 см 12 мес- длина футболки 35 см, ширина 29 см, длина боди 43 см, длина шорт 22 см, ширина 31 см 18 мес- длина футболки 37 см, ширина 29 см, длина боди 45 см, длина шорт 24 см, ширина 31 см 24 мес- длина футболки 41 см, ширина 30 см, длина боди 48 см, длина шорт 25 см, ширина 33 см ;400;15;https://junior35.ru/catalog/carters/komplekt_iz_tryekh_predmetov_carters_art_cr163;https://junior35.ru/assets/images/products/3497/prod/58.jpg;"Размер: 6 мес - Остаток: 2"
;Арт. JM-016 Спортивные штаны Jumping meters;Материал: 100 % хлопок Бренд: Jumping Meters Штаны на 2 года,длина 51 с,шаговый 27 см,ширина 28 см Штаны на 3 года,длина 54 см,шаговый 30 см,ширина 29 см Штаны на 4 года длина 56 см,шаговый 33 см,ширина 30 см Штаны на 5 лет,длина 60 см,шаговый 38 см,ширина 31 см Штаны на 6 лет,длина 64 см,шаговый 40 см,ширина 32 см Штаны на 7 лет,длина 66 см,шаговый 43 см,ширина 33 см ;360;15;https://junior35.ru/catalog/jm/sportivnye_shtany_jumping_meters_art_jm016;https://junior35.ru/assets/images/products/3546/prod/16.jpg;"Размер: 2 - Остаток: 1;Размер: 3 - Остаток: 2"
;Арт. SH-006 Футболка Shishco;Материал: 100% хлопок Бренд: Shishco Страна бренда: Узбекистан  ;140;15;https://junior35.ru/futbolka-shishco-/-art.-sh-006.html;https://junior35.ru/assets/images/products/2532/prod/046.jpg;"Размер: 1г - Остаток: 1"
;Арт. S-090 Носки (упаковка, 5 шт.);Материал: 78.8 % хлопок, 16.3 % полиэстер, 4,9% эластэн Бренд: Socks Страна бренда: Китай Размерный ряд S(1-3г) / M(3-5л) / L(5-8л) ;170;15;https://junior35.ru/catalog/socks/noski__upakovka_5_sht_art_s090;https://junior35.ru/assets/images/products/3564/prod/1.jpg;"Размер: S(1-3г) - Остаток: 7;Размер: M(3-5л) - Остаток: 7;Размер: L(5-8л) - Остаток: 16"
;Арт. BN-102 Футболка Boinc;Материал: 95 % хлопок, 5% эластен Бренд: Boinc Страна бренда: Турция Футболка на 9-12 мес,длина 36 см,ширина 29 см Футболка на 1-2 года,длина 38 см,ширина 30 см Футболка на 2-3 года,длина 40 см,ширина 31 см Футболка на 3-4 года,длина 45 см,ширина 32 см ;210;15;https://junior35.ru/futbolka-boinc-/-art.-bn-102.html;https://junior35.ru/assets/images/products/3743/prod/31.jpg;"Размер: 86 - Остаток: 1;Размер: 98 - Остаток: 3"
;Арт. BN-101 Футболка Boinc;Материал: 95 % хлопок, 5% эластен Бренд: Boinc Страна бренда: Турция Футболка на 9-12 мес,длина 36 см,ширина 29 см Футболка на 1-2 года,длина 38 см,ширина 30 см Футболка на 2-3 года,длина 40 см,ширина 31 см Футболка на 3-4 года,длина 45 см,ширина 32 см ;210;15;https://junior35.ru/futbolka-boinc-/-art.-bn-101.html;https://junior35.ru/assets/images/products/3742/prod/25.jpg;"Размер: 86 - Остаток: 5;Размер: 92 - Остаток: 5;Размер: 98 - Остаток: 5"
;Арт. BN-097 Футболка Boinc;Материал: 95 % хлопок, 5% эластен Бренд: Boinc Страна бренда: Турция Футболка на 8-9 лет,длина 53 см,ширина 41 см Футболка на 9-10 лет,длина 54 см,ширина 43 см Футболка на 10-11 лет,длина 55 см,ширина 45 см футболка на 11-12 лет,длина 56 см,ширина 47 см ;270;15;https://junior35.ru/futbolka-boinc-/-art.-bn-097.html;https://junior35.ru/assets/images/products/3738/prod/9.jpg;"Размер: 140 - Остаток: 1"
;Арт. BN-096 Футболка Boinc;Материал: 95 % хлопок, 5% эластен Бренд: Boinc Страна бренда: Турция Футболка на 8-9 лет,длина 53 см,ширина 41 см Футболка на 9-10 лет,длина 54 см,ширина 43 см Футболка на 10-11 лет,длина 55 см,ширина 45 см Футболка на 11-12 лет,длина 56 см,ширина 47 см ;270;15;https://junior35.ru/futbolka-boinc-/-art.-bn-096.html;https://junior35.ru/assets/images/products/3737/prod/18.jpg;"Размер: 134 - Остаток: 3;Размер: 140 - Остаток: 2;Размер: 146 - Остаток: 3"
;Арт. BN-089 Футболка Boinc;Материал: 95 % хлопок, 5% эластэн Бренд: Boinc Страна бренда: Турция Футболка на 86 см,длина 39 см,ширина 30 см Футболка на 92 см,длина 41 см,ширина 32 см Футболка на 98 см,длина 44 см,ширина 34 см Футболка на 104 см,длина 46 см,ширина 36 см ;205;15;https://junior35.ru/futbolka-boinc-/-art.-bn-089.html;https://junior35.ru/assets/images/products/3730/prod/32.jpg;"Размер: 86 - Остаток: 1;Размер: 92 - Остаток: 2"
;Арт. JM-026 Спортивные штаны Jumping meters;Материал: 100 % хлопок Бренд: Jumping Meters Страна бренда: Китай 2 года- длина 50 см, ширина 28 см 3 года- длина 52 см, ширина 29 см 4 года- длина 55 см, ширина 30 см 5 лет- длина 58 см, ширина 31 см 6 лет- длина 61 см, ширина 32 см 7 лет- длина 64 см, ширина 33 см ;345;15;https://junior35.ru/sportivnyie-shtanyi-jumping-meters-/-art.-jm-026.html;https://junior35.ru/assets/images/products/3766/prod/26.jpg;"Размер: 2 - Остаток: 5"
;Арт. JM-028 Футболка Jumping Meters;Материал: 100 % хлопок Бренд: Jumping Meters Страна бренда: Китай 2 года- длина 38 см, ширина 26 см 3 года- длина 40 см, ширина 29 см 4 года- длина 42 см, ширина 30 см 5 лет- длина 43 см, ширина 32 см 6 лет- длина 45 см, ширина 33 см 7 лет- длина 47 см, ширина 35 см ;250;15;https://junior35.ru/futbolka-jumping-meters-/-art.-jm-028.html;https://junior35.ru/assets/images/products/3768/prod/28.jpg;"Размер: 7 - Остаток: 1"
;Арт. MW-1425 Шорты Malwee;Бренд: Malwee Шорты на 2 года,длина 29 см,ширина 33 см Шорты на 3 года,длина 30 см,ширина 34 см Шорты на 4 года,длина 31 см,ширина 35 см Шорты на 5 лет,длина 34 см,ширина 37 см Шорты на 6 лет,длина 35 см,ширина 38 см Шорты на 7 лет,длина 37 см,ширина 39 см ;270;15;https://junior35.ru/shortyi-malwee-/-art.-mw-1425.html;https://junior35.ru/assets/images/products/3774/prod/183.jpg;"Размер: 3 - Остаток: 1"
;Арт. MW-1449 Футболка с длинным рукавом Malwee;Материал: 100 % хлопок Бренд: Malwee Страна бренда: Китай  ;260;15;https://junior35.ru/futbolka-s-dlinnyim-rukavom-malwee-/-art.-mw-1449.html;https://junior35.ru/assets/images/products/3823/prod/212.jpg;"Размер: 2 - Остаток: 1"
;Арт. MW-1453 Футболка с длинным рукавом Malwee;Материал: 100 % хлопок Бренд: Malwee Страна бренда: Китай  ;230;15;https://junior35.ru/futbolka-s-dlinnyim-rukavom-malwee-/-art.-mw-1453.html;https://junior35.ru/assets/images/products/3827/prod/216.jpg;"Размер: 2 - Остаток: 3"
;Арт. MW-1457 Футболка с длинным рукавом Malwee / Арт. MW-1457;Материал: 100 % хлопок Бренд: Malwee Страна бренда: Китай  ;270;15;https://junior35.ru/futbolka-s-dlinnyim-rukavom-malwee-/-art.-mw-1457.html;https://junior35.ru/assets/images/products/3831/prod/222.jpg;"Размер: 2 - Остаток: 5"
;Арт. JM-058 Спортивные штаны Jumping meters;Материал: 100 % хлопок Бренд: Jumping Meters Спортивные штаны,маломерят!!! Спортивные штаны на 2 года,длина 52 см,шаговый 32 см,ширина 28 см Спортивные штаны на 3 года,длина 53 см,шаговый  33 см,ширина 29 см Спортивные штаны на 4 года,длина 57 см,шаговый 36 см,ширина 29 см Спортивные штаны на 5 лет,длина 60 см,шаговый 39 см,ширина 30 см Спортивные штаны на 6 лет,длина 64 см,шаговый 41 см,ширина 32 см Спортивные штаны на 7 лет,длина 65 см,шаговый 43 см,ширина 33 см ;360;15;https://junior35.ru/sportivnyie-shtanyi-jumping-meters-/-art.-jm-058.html;https://junior35.ru/assets/images/products/4015/prod/57.jpg https://junior35.ru/assets/images/products/4015/prod/5701.jpg;"Размер: 2 - Остаток: 9;Размер: 3 - Остаток: 2"
;Арт. JM-059 Спортивные штаны Jumping meters;Материал: 100 % хлопок Бренд: Jumping Meters Спортивные штаны на 2 года,длина 54 см,шаговый 33 см,ширина 28 см Спортивные штаны на 3 года,длина 57 см,шаговый 35 см,ширина 30 см Спортивные штаны на 4 гогда,длина 60 см,шаговый 38 см,ширина 33 см Спортивные штаны на 5 лект,длина 64 см,шаговый 43 см,ширина 34 см Спортивные штаны на 6 лет,длина 68 см,шаговый 45 см,ширина 35 см Спортивные штаны на 7 лет,длина 70 см,шаговый 47 см,ширина 36 см ;360;15;https://junior35.ru/sportivnyie-shtanyi-jumping-meters-/-art.-jm-059.html;https://junior35.ru/assets/images/products/4016/prod/56.jpg https://junior35.ru/assets/images/products/4016/prod/5601.jpg;"Размер: 2 - Остаток: 4;Размер: 3 - Остаток: 1"
;Арт. JM-067 Спортивные штаны Jumping meters;Материал: 100 % хлопок Бренд: Jumping Meters Штаны на 2 года,длина 53 см,шаговый 33 см,ширина 27 см Штаны на3 года,длина 57 см,шаговый 36 см,ширина 30 см Штаны на 4 года,длина 59 см,шаговый 39 см,ширина 33 см Штаны на 5 лет,длина 61 см,шаговый 40 см,ширина 35 см Штаны на 6 лет,длина 65 см,шаговый 44 см,ширина 37 см Штаны на 7 лет,длина 70 см,шаговый 46 см,ширина 39 см ;360;15;https://junior35.ru/sportivnyie-shtanyi-jumping-meters-/-art.-jm-067.html;https://junior35.ru/assets/images/products/4039/prod/69.jpg;"Размер: 2 - Остаток: 2;Размер: 3 - Остаток: 4;Размер: 4 - Остаток: 5"
;Арт. JM-068 Спортивные штаны Jumping meters;Материал: 100 % хлопок Бренд: Jumping Meters  ;360;15;https://junior35.ru/sportivnyie-shtanyi-jumping-meters-/-art.-jm-068.html;https://junior35.ru/assets/images/products/4040/prod/72.jpg;"Размер: 3 - Остаток: 5"
;Арт. AB-060 Свитшот Aosta Betty;Материал: 100 % хлопок Бренд: Aosta Betty Свитшот на 2 года,длина 40 см,ширина 31 см,длина рукава 40 см Свитшот на 3 года,длина 44 см,ширина 32 см,длина рукава 45 см Свитшот на 4 года,длина 46 см,ширина 33 см,длина рукава 47 см Свитшот на 5 лет,длина 48 см,ширина 34 см,длина рукава 50 см Свишот на 6 лет,длина 50 см,ширина 35 см,длина рукава 52 см Свитшот на 7 лет,длина 52 см,ширина 36 см,длина рукава 56 см ;325;15;https://junior35.ru/svitshot-aosta-betty-/-art.-ab-060.html;https://junior35.ru/assets/images/products/4117/prod/043.jpg;"Размер: 7 - Остаток: 1"
;Арт. MW-1558 Футболка с длинным рукавом Malwee;Материал: 100 % хлопок Бренд: Malwee Футболка на 2 года,длина 37 см,ширина 33 см,длина рукава 34 см Футболка на 3 года,длина 40 см,ширина 35 см,длина рукава 36см Футболка на 4 года,длина 42 см,ширина 36 см,длина рукава 38 см Футболка на 5 лет,длина 45 см,ширина 38 см,длина рукава 41 см Футболка на 6 лет,длина 47 см,ширина 40 см,длина рукава 44 см Футболка на 7 лет,длина 50 см,ширина 42 см,длина рукава 48 см ;270;15;https://junior35.ru/futbolka-s-dlinnyim-rukavom-malwee-/-art.-mw-1558.html;https://junior35.ru/assets/images/products/4130/prod/322.jpg;"Размер: 2 - Остаток: 3"
;Арт. MW-1560 Свитшот Malwee;Материал: 100 % хлопок Бренд: Malwee 4 года- длина 42 см, ширина 35 см, рукав  41 см 5 лет- длина 44 см, ширина 38 см, рукав  44 см 6 лет- длина 46 см, ширина 41 см, рукав  46 см 7 лет- длина 49 см, ширина 43 см,рукав  49 см ;320;15;https://junior35.ru/svitshot-malwee-/-art.-mw-1560.html;https://junior35.ru/assets/images/products/4132/prod/324.jpg;"Размер: 2 - Остаток: 4;Размер: 3 - Остаток: 2"
;Арт. MW-1573 Свитшот Malwee;Материал: 100 % хлопок Бренд: Malwee Свитшот на 2 года,длина 36 см,ширина 32 см,длина рукава 36 см Свитшот на 3 года,длина 38 см,ширина 35 см,длина рукава 38 см Свитшот на 4 года,длина 40 см,ширина 37 см,длина рукава 40 см Свтшот на 5 лет,длина 45 см,ширина 39 см,длина рукава 45 см Свитшот на 6 лет,длина 48 см,ширина 42 см,длина рукава 47 см Свитшот на 7 лет,длина 52 см,ширина 46 см,длина рукава 49 см ;325;15;https://junior35.ru/svitshot-malwee-/-art.-mw-1573.html;https://junior35.ru/assets/images/products/4144/prod/335.jpg;"Размер: 2 - Остаток: 1;Размер: 3 - Остаток: 2"
;Арт. S-111 Носки (упаковка, 5 шт.);Материал: 75% хлопок, 22% полиамид, 3% эластен Бренд: Socks  ;190;15;https://junior35.ru/noski-(upakovka,-5-sht.)-/-art.-s-111.html;https://junior35.ru/assets/images/products/4155/prod/29.jpg;"Размер: S(0-1г) - Остаток: 9;Размер: M(1-3г) - Остаток: 2;Размер: L(4-6л) - Остаток: 1;Размер: XL(7-9л) - Остаток: 7"
;Арт. S-109 Носки (упаковка, 5 шт.);Материал: 75% хлопок, 22% полиамид, 3% эластен Бренд: Socks  ;190;15;https://junior35.ru/noski-(upakovka,-5-sht.)-/-art.-s-109.html;https://junior35.ru/assets/images/products/4153/prod/27.jpg;"Размер: S(0-1г) - Остаток: 9"
;Арт. S-105 Носки (упаковка, 5 шт.);Материал: 75% хлопок, 22% полиамид, 3% эластен Бренд: Socks  ;190;15;https://junior35.ru/noski-(upakovka,-5-sht.)-/-art.-s-105.html;https://junior35.ru/assets/images/products/4149/prod/23.jpg;"Размер: S(0-1г) - Остаток: 14;Размер: M(1-3г) - Остаток: 6"
;Арт. MW-1580 Свитшот Malwee;Материал: 100 % хлопок Бренд: Malwee Свитшот на 2 года,длина 37 см,ширина 32 см,длина рукава 37 см Свитшот на 3 года,длина 38 см,ширина 33 см,длина рукава 39 см Свитшот на 4 года,длина 42 см,ширина 34 см,длина рукава 41 см Свитшот на 5 лет,длина 45 см,ширина 36 см,длина рукава 45 см Свитшот на 6 лет,длина 48 см,ширина 38 см,длина рукава 48 см Свитшот на 7 лет,длина 52 см,ширина 41 см,длина рукава 50 см ;325;15;https://junior35.ru/svitshot-malwee-/-art.-mw-1580.html;https://junior35.ru/assets/images/products/4181/prod/342.jpg;"Размер: 2 - Остаток: 4;Размер: 4 - Остаток: 3;Размер: 5 - Остаток: 2"
;Арт. JM-082 Спортивные штаны Jumping meters;Материал: 100 % хлопок Бренд: Jumping Meters Спортивные штаны,маломерят!!! Спортивные штаны на 2 года,длина 52 см,шаговый 32 см,ширина 28 см Спортивные штаны на 3 года,длина 53 см,шаговый  33 см,ширина 29 см Спортивные штаны на 4 года,длина 57 см,шаговый 36 см,ширина 29 см Спортивные штаны на 5 лет,длина 60 см,шаговый 39 см,ширина 30 см Спортивные штаны на 6 лет,длина 64 см,шаговый 41 см,ширина 32 см Спортивные штаны на 7 лет,длина 65 см,шаговый 43 см,ширина 33 см ;360;15;https://junior35.ru/sportivnyie-shtanyi-jumping-meters-/-art.-jm-082.html;https://junior35.ru/assets/images/products/4200/prod/85.jpg;"Размер: 2 - Остаток: 3"
;Арт. JM-086 Свитшот Jumping meters;Материал: 100 % хлопок Бренд: Jumping Meters  ;375;15;https://junior35.ru/svitshot-jumping-meters-/-art.-jm-086.html;https://junior35.ru/assets/images/products/4272/prod/86.jpg;"Размер: 2 - Остаток: 8;Размер: 3 - Остаток: 8;Размер: 4 - Остаток: 6;Размер: 5 - Остаток: 6;Размер: 6 - Остаток: 4;Размер: 7 - Остаток: 5"
;Арт. MW-1605 Футболка с длинным рукавом Malwee;Материал: 100 % хлопок Бренд: Malwee Футболка на 2 года,длина 38 см,ширина 30 см,длина рукава 32 см Футболка на 3 года,длина 40 см,ширина 32 см,длина рукава 34 см Футболка на 4 года,длина 42 см,ширина 34 см,длина рукава 36 см Футболка на 5 лет,длина 44 см,ширина 36 см,длина рукава 38 см Футболка на 6 лет,длина 46 см,ширина 38 см,длина рукава 40 см Футболка на 7 лет,длина 50 см,ширина 40 см,длина рукава 43 см ;275;15;https://junior35.ru/futbolka-s-dlinnyim-rukavom-malwee-/-art.-mw-1605.html;https://junior35.ru/assets/images/products/4280/prod/366.jpg;"Размер: 2 - Остаток: 3"
;Арт. JM-087 Спортивные штаны Jumping meters;Материал: 100 % хлопок Бренд: Jumping Meters Спортивные штаны,маломерят!!! Спортивные штаны на 2 года,длина 52 см,шаговый 32 см,ширина 28 см Спортивные штаны на 3 года,длина 53 см,шаговый  33 см,ширина 29 см Спортивные штаны на 4 года,длина 57 см,шаговый 36 см,ширина 29 см Спортивные штаны на 5 лет,длина 60 см,шаговый 39 см,ширина 30 см Спортивные штаны на 6 лет,длина 64 см,шаговый 41 см,ширина 32 см Спортивные штаны на 7 лет,длина 65 см,шаговый 43 см,ширина 33 см ;345;15;https://junior35.ru/sportivnyie-shtanyi-jumping-meters-/-art.-jm-087.html;https://junior35.ru/assets/images/products/4289/prod/89.jpg;"Размер: 2 - Остаток: 3"
;Арт. BN-123 Свитшот Boinc;Материал: 70% хлопок,25%полиэстер,5% эластен Бренд: Boinc Страна бренда: Турция  ;310;15;https://junior35.ru/svitshot-boinc-/-art.-bn-123.html;https://junior35.ru/assets/images/products/4323/prod/08.jpg;"Размер: 86 - Остаток: 4;Размер: 92 - Остаток: 5;Размер: 98 - Остаток: 1"
;Арт. BN-125 Свитшот Boinc;Материал: 70% хлопок,25%полиэстер,5% эластен Бренд: Boinc Страна бренда: Турция  ;290;15;https://junior35.ru/svitshot-boinc-/-art.-bn-125.html;https://junior35.ru/assets/images/products/4325/prod/10.jpg;"Размер: 98 - Остаток: 1"
;Арт. BN-127 Свитшот Boinc;Материал: 70% хлопок,25%полиэстер,5% эластен Бренд: Boinc Страна бренда: Турция  ;290;15;https://junior35.ru/svitshot-boinc-/-art.-bn-127.html;https://junior35.ru/assets/images/products/4327/prod/12.jpg;"Размер: 86 - Остаток: 4;Размер: 92 - Остаток: 2"
;Арт. BN-132 Толстовка с капюшоном Boinc;Материал: 70% хлопок,25%полиэстер,5% эластен Бренд: Boinc Страна бренда: Турция  ;440;15;https://junior35.ru/tolstovka-s-kapyushonom-boinc-/-art.-bn-132.html;https://junior35.ru/assets/images/products/4332/prod/17.jpg;"Размер: 110 - Остаток: 2;Размер: 116 - Остаток: 2;Размер: 122 - Остаток: 2;Размер: 128 - Остаток: 2"
;Арт. LM-1623 Толстовка утепленная Little Maven;Бренд: Little Maven 2 года- длина 36 см, ширина 32см, рукав длина  30 см 3 года- длина 39 см, ширина 33 см, рукав длина  33 см 4 года- длина 40 см, ширина 35 см, рукав длина  36 см 5 лет- длина 44 см, ширина 38 см, рукав длина 40 см 6 лет- длина 47 см, ширина 41 см, рукав длина 45 см ;370;15;https://junior35.ru/tolstovka-uteplennaya-little-maven-/-art.-lm-1623.html;https://junior35.ru/assets/images/products/4340/prod/335.jpg;"Размер: 3 - Остаток: 4"
;Арт. UN-025 Трусы;Материал: 100% хлопок Бренд: Underwear  ;35;15;https://junior35.ru/trusyi-/-art.-un-025.html;https://junior35.ru/assets/images/products/4415/prod/25.jpg;"Размер: 5-6л - Остаток: 2"
;Арт. UN-026 Трусы;Материал: 100% хлопок Бренд: Underwear  ;35;15;https://junior35.ru/trusyi-/-art.-un-026.html;https://junior35.ru/assets/images/products/4416/prod/26.jpg;"Размер: 3-4г - Остаток: 18"
;Арт. UN-037 Трусы;Материал: 100% хлопок Бренд: Underwear  ;35;15;https://junior35.ru/trusyi-/-art.-un-037.html;https://junior35.ru/assets/images/products/4427/prod/37.jpg;"Размер: 6-7 - Остаток: 9"
;Арт. UN-033 Трусы;Материал: 100% хлопок Бренд: Underwear  ;35;15;https://junior35.ru/trusyi-/-art.-un-033.html;https://junior35.ru/assets/images/products/4423/prod/33.jpg;"Размер: 5-6л - Остаток: 35"
;Арт. UN-046 Трусы;Материал: 100% хлопок Бренд: Underwear  ;35;15;https://junior35.ru/trusyi-/-art.-un-046.html;https://junior35.ru/assets/images/products/4436/prod/22.jpg;"Размер: 5-6л - Остаток: 8;Размер: 9-10л - Остаток: 29"
;Арт. UN-044 Трусы;Материал: 100% хлопок Бренд: Underwear Возможен пересорт! ;35;15;https://junior35.ru/trusyi-/-art.-un-044.html;https://junior35.ru/assets/images/products/4434/prod/45.jpg;"Размер: 2-3г - Остаток: 20"
;Арт. GL-004 Варежки;Материал: 100% полиэстер Бренд: Gloves S- длина 17 см, ширина 8 см M- длина 18 см, ширина 8,5 см L- длина 20 см, ширина 9 см ;335;15;https://junior35.ru/varezhki-/-art.-gl-004.html;https://junior35.ru/assets/images/products/4465/prod/104.jpg https://junior35.ru/assets/images/products/4465/prod/105.jpg https://junior35.ru/assets/images/products/4465/prod/1011.jpg;"Размер: S(1-3г) - Остаток: 19"
;Арт. GL-003 Варежки;Материал: 100% полиэстер Бренд: Gloves  ;335;15;https://junior35.ru/varezhki-/-art.-gl-003.html;https://junior35.ru/assets/images/products/4464/prod/103.jpg https://junior35.ru/assets/images/products/4464/prod/105.jpg https://junior35.ru/assets/images/products/4464/prod/1011.jpg;"Размер: S(1-3г) - Остаток: 12"
;Арт. LM-1647 Толстовка утепленная Little Maven;Материал: 65%хлопок, 35% полиэстер Бренд: Little Maven 2 года- длина 34 см, ширина 31см, рукав длина  31 см 3 года- длина 37 см, ширина 33 см, рукав длина  33 см 4 года- длина 39 см, ширина 36 см, рукав длина  36 см 5 лет- длина 42 см, ширина 38 см, рукав длина 40 см 6 лет- длина 45 см, ширина 40 см, рукав длина 44 см 7 лет-длина 48 см,ширина 42 см,длина рукава 47 см ;395;15;https://junior35.ru/tolstovka-uteplennaya-little-maven-/-art.-lm-1647.html;https://junior35.ru/assets/images/products/4480/prod/361.jpg;"Размер: 2 - Остаток: 2;Размер: 3 - Остаток: 2;Размер: 5 - Остаток: 2"
;Арт. LM-1645 Толстовка утепленная Little Maven;Материал: 65%хлопок, 35% полиэстер Бренд: Little Maven 2 года- длина 38 см, ширина 33 см, рукав длина  32 см 3 года- длина 39 см, ширина 34 см, рукав длина  33 см 4 года- длина 40 см, ширина 35см, рукав длина  37 см 5 лет- длина 43 см, ширина 37 см, рукав длина 39 см 6 лет- длина 46 см, ширина 40 см, рукав длина 44 см 7 лет-длина 50 см,ширина 42 см,длина рукава 47 см ;350;15;https://junior35.ru/tolstovka-uteplennaya-little-maven-/-art.-lm-1645.html;https://junior35.ru/assets/images/products/4478/prod/357.jpg;"Размер: 2 - Остаток: 1"
;Арт. AB-073 Свитшот Aosta Betty;Материал: 100 % хлопок Бренд: Aosta Betty Свитшот на 2 года ,длина 39 см,ширина 29 см,длина рукава 32 см Свитшот на 3 года,длина 41 см,ширина 30 см,длина рукава 34 см Свитшот на 4 года,длина 42 см,ширина 31 см,длина рукава 36 см Свитшот на 5 лет,длина 44 см,ширина 34 см,длина рукава 38 см Свитшоты на 6 лет,длина 46 см,ширина 35 см,длина рукава 40см Свишот на 7 лет,длина 48 см,ширина 36 см,длина рукава 42 см ;345;15;https://junior35.ru/svitshot-aosta-betty-/-art.-ab-073.html;https://junior35.ru/assets/images/products/4484/prod/055.jpg;"Размер: 4 - Остаток: 1"
;Арт. JM-094 Свитшот Jumping meters;Материал: 100% хлопок Бренд: Jumping Meters 2 года- длина 38 см, ширина 31 см, рукав 36 см 3 года- длина 39 см, ширина 33 см, рукав 37 см 4 года- длина 42 см, ширина 35 см, рукав 39 см 5 лет- длина 44 см, ширина 37 см, рукав 44 см 6 лет- длина 46 см, ширина 38 см, рукав 46 см 7 лет- длина 47 см, ширина 41 см, рукав 48 см ;345;15;https://junior35.ru/svitshot-jumping-meters-/-art.-jm-094.html;https://junior35.ru/assets/images/products/4485/prod/94.jpg;"Размер: 3 - Остаток: 4;Размер: 4 - Остаток: 6;Размер: 5 - Остаток: 4;Размер: 6 - Остаток: 7"
;Арт. JM-091 Свитшот Jumping meters;Материал: 100% хлопок Бренд: Jumping Meters 2 года- длина 38 см, ширина 31 см, рукав 36 см 3 года- длина 39 см, ширина 33 см, рукав 37 см 4 года- длина 42 см, ширина 35 см, рукав 39 см 5 лет- длина 44 см, ширина 37 см, рукав 44 см 6 лет- длина 46 см, ширина 38 см, рукав 46 см 7 лет- длина 47 см, ширина 41 см, рукав 48 см ;345;15;https://junior35.ru/svitshot-jumping-meters-/-art.-jm-091.html;https://junior35.ru/assets/images/products/4486/prod/96.jpg;"Размер: 4 - Остаток: 1"
;Арт. S-130 Носки махровые (упаковка, 5 шт.);Материал: 72%хлопок, 25%полиэстер, 3%эластэн Бренд: Socks  ;250;15;https://junior35.ru/noski-maxrovyie-(upakovka,-5-sht.)-/-art.-s-130.html;https://junior35.ru/assets/images/products/4500/prod/48.jpg;"Размер: M(3-5л) - Остаток: 1"
;Арт. Kd-056 Толстовка на флисе 27Kids;Бренд: 27 Kids 90- длина 40 см, ширина 31 см, рукав 35 см 100- длина 44 см, ширина 33 см, рукав 37 см 120- длина 48 см, ширина 36 см, рукав 43 см 130- длина 51 см, ширина 39 см, рукав 46 см ;390;15;https://junior35.ru/tolstovka-na-flise-27kids-/-art.-kd-056.html;https://junior35.ru/assets/images/products/4506/prod/56.jpg https://junior35.ru/assets/images/products/4506/prod/5601.jpg;"Размер: 130 - Остаток: 2"
;Арт. S-140 Носки Caramella (подарочный пакет, 3 шт.);Бренд: Socks  ;250;15;https://junior35.ru/noski-caramella-(podarochnyij-paket,-3-sht.)-/-art.-s-140.html;https://junior35.ru/assets/images/products/4520/prod/64.jpg https://junior35.ru/assets/images/products/4520/prod/6101.jpg;"Размер: M(3-5л) - Остаток: 22"
;Арт. S-142 Носки Caramella (подарочный пакет, 3 шт.);Бренд: Socks  ;250;15;https://junior35.ru/noski-caramella-(podarochnyij-paket,-3-sht.)-/-art.-s-142.html;https://junior35.ru/assets/images/products/4522/prod/65.jpg https://junior35.ru/assets/images/products/4522/prod/6101.jpg;"Размер: S(1-3г) - Остаток: 12;Размер: M(3-5л) - Остаток: 15"
;Арт. S-143 Носки Caramella (подарочный пакет, 3 шт.);Бренд: Socks  ;250;15;https://junior35.ru/noski-caramella-(podarochnyij-paket,-3-sht.)-/-art.-s-143.html;https://junior35.ru/assets/images/products/4523/prod/67.jpg https://junior35.ru/assets/images/products/4523/prod/6101.jpg;"Размер: S(1-3г) - Остаток: 9;Размер: M(3-5л) - Остаток: 17"
;Арт. S-144 Носки Caramella (подарочный пакет, 3 шт.);Бренд: Socks  ;250;15;https://junior35.ru/noski-caramella-(podarochnyij-paket,-3-sht.)-/-art.-s-144.html;https://junior35.ru/assets/images/products/4524/prod/66.jpg https://junior35.ru/assets/images/products/4524/prod/6101.jpg;"Размер: S(1-3г) - Остаток: 15"
;Арт. S-152 Носки Caramella (подарочная упаковка, 4 шт.);Бренд: Socks  ;315;15;https://junior35.ru/noski-caramella-(podarochnaya-upakovka,-4-sht.)-/-art.-s-152.html;https://junior35.ru/assets/images/products/4532/prod/74.jpg;"Размер: M(3-5л) - Остаток: 23;Размер: L(5-8л) - Остаток: 23"
;Арт. MW-1633 Свитшот Malwee;Материал: 100 % хлопок Бренд: Malwee Свитшот на 2 года,длина 35 см,ширина 32 см,длина рукава 36 см Свитшот на 3 года,длина 38 см,ширина 34 см,длина рукава 38 см Свитшот на 4 года,длина 41 см,ширина 36 см,длина рукава 41 см Свитшот на 5 лет,длина 44 см,ширина 38 см,длина рукава 44 см Свитшот на 6 лет,длина 46 см,ширина 40 см,длина рукава 47 см Свитшот на 7 лет,длина 50 см,ширина 44 см,длина рукава 50 см ;335;15;https://junior35.ru/svitshot-malwee-/-art.-mw-1633.html;https://junior35.ru/assets/images/products/4535/prod/3.jpg;"Размер: 3 - Остаток: 2"
;Арт. JM-097 Спортивные штаны Jumping meters;Материал: 100% хлопок Бренд: Jumping Meters Спортивные штаны на 2 года,длина 52 см,шаговый 32 см,ширина 28 см Спортивные штаны на 3 года,длина 53 см,шаговый  33 см,ширина 29 см Спортивные штаны на 4 года,длина 57 см,шаговый 36 см,ширина 29 см Спортивные штаны на 5 лет,длина 60 см,шаговый 39 см,ширина 30 см Спортивные штаны на 6 лет,длина 64 см,шаговый 41 см,ширина 32 см Спортивные штаны на 7 лет,длина 65 см,шаговый 43 см,ширина 33 см ;360;15;https://junior35.ru/sportivnyie-shtanyi-jumping-meters-/-art.-jm-097.html;https://junior35.ru/assets/images/products/4637/prod/99.jpg;"Размер: 2 - Остаток: 4;Размер: 3 - Остаток: 1"
;Арт. UN-079 Трусы;Материал: 95 % хлопок, 5% эластан Бренд: Underwear  ;35;15;https://junior35.ru/trusyi-/-art.-un-079.html;https://junior35.ru/assets/images/products/4693/prod/79.jpg;"Размер: 122-128 - Остаток: 9;Размер: 7-8л - Остаток: 5"
;Арт. UN-075 Трусы;Материал: 100 % хлопок Бренд: Underwear  ;35;15;https://junior35.ru/trusyi-/-art.-un-075.html;https://junior35.ru/assets/images/products/4689/prod/75.jpg;"Размер: 9-10л - Остаток: 22;Размер: 7-8л - Остаток: 15"
;Арт. S-163 Носки (упаковка, 5 шт.);Бренд: Socks S- длина от носка до пятки 12,5 см M- длина от носка до пятки 14 см L- длина от носка до пятки 15,5 см ;175;15;https://junior35.ru/noski-(upakovka,-5-sht.)-/-art.-s-163.html;https://junior35.ru/assets/images/products/4837/prod/90.jpg;"Размер: S(1-3г) - Остаток: 3"
;Арт. S-162 Носки (упаковка, 5 шт.);Бренд: Socks S- длина от носка до пятки 12,5 см M- длина от носка до пятки 14 см L- длина от носка до пятки 15,5 см ;175;15;https://junior35.ru/noski-(upakovka,-5-sht.)-/-art.-s-162.html;https://junior35.ru/assets/images/products/4836/prod/88.jpg;"Размер: M(3-5л) - Остаток: 9;Размер: L(5-8л) - Остаток: 10"
;Арт. S-161 Носки (упаковка, 5 шт.);Бренд: Socks S- длина от носка до пятки 12,5 см M- длина от носка до пятки 14 см L- длина от носка до пятки 15,5 см ;175;15;https://junior35.ru/noski-(upakovka,-5-sht.)-/-art.-s-161.html;https://junior35.ru/assets/images/products/4835/prod/89.jpg;"Размер: S(1-3г) - Остаток: 39;Размер: M(3-5л) - Остаток: 31;Размер: L(5-8л) - Остаток: 58"
;Арт. S-160 Носки (упаковка, 5 шт.);Бренд: Socks S- длина от носка до пятки 12,5 см M- длина от носка до пятки 14 см L- длина от носка до пятки 15,5 см ;175;15;https://junior35.ru/noski-(upakovka,-5-sht.)-/-art.-s-160.html;https://junior35.ru/assets/images/products/4834/prod/86.jpg;"Размер: S(1-3г) - Остаток: 9;Размер: M(3-5л) - Остаток: 14;Размер: L(5-8л) - Остаток: 24"
;Арт. S-159 Носки (упаковка, 5 шт.);Бренд: Socks S- длина от носка до пятки 12,5 см M- длина от носка до пятки 14 см L- длина от носка до пятки 15,5 см ;175;15;https://junior35.ru/noski-(upakovka,-5-sht.)-/-art.-s-159.html;https://junior35.ru/assets/images/products/4833/prod/85.jpg;"Размер: S(1-3г) - Остаток: 9;Размер: M(3-5л) - Остаток: 18;Размер: L(5-8л) - Остаток: 15"
;Арт. S-156 Носки (упаковка, 5 шт.);Бренд: Socks S- длина от носка до пятки 12,5 см M- длина от носка до пятки 14 см L- длина от носка до пятки 15,5 см ;175;15;https://junior35.ru/noski-(upakovka,-5-sht.)-/-art.-s-156.html;https://junior35.ru/assets/images/products/4830/prod/83.jpg;"Размер: S(1-3г) - Остаток: 27;Размер: M(3-5л) - Остаток: 27;Размер: L(5-8л) - Остаток: 8"
;Арт. ВP-026 Рюкзак;Бренд: Backpack  ;560;15;https://junior35.ru/ryukzak-/-art.-vp-026.html;https://junior35.ru/assets/images/products/4878/prod/026.jpg;"Размер: 32*24*11 - Остаток: 6"
;Арт. ВP-034 Рюкзак;Бренд: Backpack  ;440;15;https://junior35.ru/ryukzak-/-art.-vp-034.html;https://junior35.ru/assets/images/products/4886/prod/034.jpg;"Размер: 28*20*8 - Остаток: 4"
;Арт. ВP-033 Рюкзак;Бренд: Backpack  ;440;15;https://junior35.ru/ryukzak-/-art.-vp-033.html;https://junior35.ru/assets/images/products/4885/prod/033.jpg https://junior35.ru/assets/images/products/4885/prod/03301.jpg;"Размер: 28*19*8 - Остаток: 7"
;Арт. MW-1670 Футболка Malwee;Материал: 100 % хлопок Бренд: Malwee 2 года- длина 37 см, ширина 29 см 3 года- длина 39 см, ширина 30 см 4 года- длина 41 см, ширина 32 см 5 лет- длина 45 см, ширина 34 см 6 лет- длина 46 см, ширина 35 см 7 лет- длина 50 см, ширина 37 см ;225;15;https://junior35.ru/futbolka-malwee-/-art.-mw-1670.html;https://junior35.ru/assets/images/products/4910/prod/6.jpg;"Размер: 2 - Остаток: 7;Размер: 3 - Остаток: 7;Размер: 4 - Остаток: 3;Размер: 5 - Остаток: 4;Размер: 6 - Остаток: 5;Размер: 7 - Остаток: 2"
;Арт. MW-1668 Футболка Malwee;Материал: 100 % хлопок Бренд: Malwee 2 года- длина 37 см, ширина 29 см 3 года- длина 39 см, ширина 30 см 4 года- длина 41 см, ширина 32 см 5 лет- длина 45 см, ширина 34 см 6 лет- длина 46 см, ширина 35 см 7 лет- длина 50 см, ширина 37 см ;220;15;https://junior35.ru/futbolka-malwee-/-art.-mw-1668.html;https://junior35.ru/assets/images/products/4908/prod/14.jpg;"Размер: 3 - Остаток: 3;Размер: 4 - Остаток: 10"
;Арт. MW-1667 Футболка Malwee;Материал: 100 % хлопок Бренд: Malwee 2 года- длина 37 см, ширина 29 см 3 года- длина 39 см, ширина 30 см 4 года- длина 41 см, ширина 32 см 5 лет- длина 45 см, ширина 34 см 6 лет- длина 46 см, ширина 35 см 7 лет- длина 50 см, ширина 37 см ;220;15;https://junior35.ru/futbolka-malwee-/-art.-mw-1667.html;https://junior35.ru/assets/images/products/4907/prod/12.jpg;"Размер: 3 - Остаток: 3"
;Арт. MW-1663 Футболка Malwee;Материал: 100 % хлопок Бренд: Malwee  ;220;15;https://junior35.ru/futbolka-malwee-/-art.-mw-1663.html;https://junior35.ru/assets/images/products/4903/prod/7.jpg;"Размер: 3 - Остаток: 4;Размер: 4 - Остаток: 1;Размер: 5 - Остаток: 1;Размер: 6 - Остаток: 3"
;Арт. MW-1686 Футболка Malwee;Материал: 100 % хлопок Бренд: Malwee 2 года- длина 37 см, ширина 29 см 3 года- длина 39 см, ширина 30 см 4 года- длина 41 см, ширина 32 см 5 лет- длина 45 см, ширина 34 см 6 лет- длина 46 см, ширина 35 см 7 лет- длина 50 см, ширина 37 см ;240;15;https://junior35.ru/futbolka-malwee-/-art.-mw-1686.html;https://junior35.ru/assets/images/products/4926/prod/32.jpg;"Размер: 3 - Остаток: 1"
;Арт. LM-1680 Футболка Little Maven;Материал: 100 % хлопок Бренд: Little Maven 2 года- длина 37 см, ширина 30 см 3 года- длина 39 см, ширина 31 см 4 года- длина 40 см, ширина 32 см 5 лет- длина 43 см, ширина 34 см 6 лет- длина 46 см, ширина 35 см 7 лет- длина 49 см, ширина 37 см ;225;15;https://junior35.ru/futbolka-little-maven-/-art.-lm-1680.html;https://junior35.ru/assets/images/products/4944/prod/9.jpg;"Размер: 7 - Остаток: 1"
;Арт. LM-1671 Шорты Little Maven;Материал: 100 % хлопок Бренд: Little Maven  ;290;15;https://junior35.ru/shortyi-little-maven-/-art.-lm-1671.html;https://junior35.ru/assets/images/products/4935/prod/7.jpg;"Размер: 2 - Остаток: 4;Размер: 4 - Остаток: 7;Размер: 5 - Остаток: 2;Размер: 6 - Остаток: 5;Размер: 7 - Остаток: 1"
;Арт. CR-266 Песочник Carters;Материал: 100 % хлопок Бренд: Carters 6 мес- длина 40 см, ширина 25 см 9 мес- длина 42 см, ширина 26 см 12 мес- длина 44 см, ширина 27 см 18 мес- длина 46 см, ширина 28 см 24 мес- длина 48 см, ширина 28 см ;295;15;https://junior35.ru/pesochnik-carters-/-art.-cr-266.html;https://junior35.ru/assets/images/products/4951/prod/120.jpg;"Размер: 6 мес - Остаток: 3;Размер: 9 мес - Остаток: 4;Размер: 12 мес - Остаток: 4;Размер: 18 мес - Остаток: 4;Размер: 24 мес - Остаток: 3"
;Арт. CR-265 Песочник Carters;Материал: 100 % хлопок Бренд: Carters 6 мес- длина 40 см, ширина 25 см 9 мес- длина 42 см, ширина 26 см 12 мес- длина 44 см, ширина 27 см 18 мес- длина 46 см, ширина 28 см 24 мес- длина 48 см, ширина 28 см ;295;15;https://junior35.ru/pesochnik-carters-/-art.-cr-265.html;https://junior35.ru/assets/images/products/4950/prod/119.jpg;"Размер: 6 мес - Остаток: 1"
;Арт. JM-104 Спортивные штаны Jumping meters;Материал: 100 % хлопок Бренд: Jumping Meters  ;360;15;https://junior35.ru/sportivnyie-shtanyi-jumping-meters-/-art.-jm-104.html;https://junior35.ru/assets/images/products/4983/prod/106.jpg;"Размер: 3 - Остаток: 3"
;Арт. JM-102 Спортивные штаны Jumping meters;Материал: 100 % хлопок Бренд: Jumping Meters  ;360;15;https://junior35.ru/sportivnyie-shtanyi-jumping-meters-/-art.-jm-102.html;https://junior35.ru/assets/images/products/4981/prod/102.jpg;"Размер: 2 - Остаток: 2;Размер: 3 - Остаток: 10"
;Арт. JM-101 Спортивные штаны Jumping meters;Материал: 100 % хлопок Бренд: Jumping Meters 2 года- длина 53 см, шаговый 32 см, ширина 28 см 3 года- длина 55 см, шаговый 34 см, ширина 29 см 4 года- длина 57 см, шаговый 36 см, ширина 30 см 5 лет- длина 60 см, шаговый 39 см, ширина 31 см 6 лет- длина 64 см, шаговый 42 см, ширина 32 см 7 лет- длина 68 см, шаговый 44 см, ширина 34 см ;360;15;https://junior35.ru/sportivnyie-shtanyi-jumping-meters-/-art.-jm-101.html;https://junior35.ru/assets/images/products/4980/prod/104.jpg;"Размер: 3 - Остаток: 2;Размер: 4 - Остаток: 2"
;Арт. JM-100 Спортивные штаны Jumping meters;Материал: 100 % хлопок Бренд: Jumping Meters 2 года- длина 52 см, шаговый 32 см, ширина 28 см 3 года- длина 54 см, шаговый 34 см, ширина 29 см 4 года- длина 57 см, шаговый 37 см, ширина 29 см 5 лет- длина 61 см, шаговый 40 см, ширина 30 см 6 лет- длина 64 см, шаговый 41 см, ширина 31 см 7 лет- длина 66 см, шаговый 45 см, ширина 34 см ;350;15;https://junior35.ru/sportivnyie-shtanyi-jumping-meters-/-art.-jm-100.html;https://junior35.ru/assets/images/products/4979/prod/103.jpg;"Размер: 2 - Остаток: 3;Размер: 3 - Остаток: 5"
;Арт. GR-021 Ранец Grizzly;Бренд: Backpack  ;1 900;15;https://junior35.ru/ranecz-grizzly-/-art.-gr-021.html;https://junior35.ru/assets/images/products/5025/prod/38.jpg https://junior35.ru/assets/images/products/5025/prod/3801.jpg https://junior35.ru/assets/images/products/5025/prod/38012.jpg;"Размер: 39*28*19 - Остаток: 1"
;Арт. LM-1699 Футболка Little Maven;Материал: 100 % хлопок Бренд: Little Maven 2 года- длина 37 см, ширина 30 см 3 года- длина 39 см, ширина 31 см 4 года- длина 40 см, ширина 32 см 5 лет- длина 43 см, ширина 34 см 6 лет- длина 46 см, ширина 35 см 7 лет- длина 49 см, ширина 37 см ;245;15;https://junior35.ru/futbolka-little-maven-/-art.-lm-1699.html;https://junior35.ru/assets/images/products/5048/prod/31.jpg;"Размер: 2 - Остаток: 5;Размер: 3 - Остаток: 1"
;Арт. LM-1695 Футболка Little Maven;Материал: 100 % хлопок Бренд: Little Maven 2 года- длина 37 см, ширина 30 см 3 года- длина 39 см, ширина 31 см 4 года- длина 40 см, ширина 32 см 5 лет- длина 43 см, ширина 34 см 6 лет- длина 46 см, ширина 35 см 7 лет- длина 49 см, ширина 37 см ;225;15;https://junior35.ru/futbolka-little-maven-/-art.-lm-1695.html;https://junior35.ru/assets/images/products/5044/prod/27.jpg;"Размер: 2 - Остаток: 3;Размер: 3 - Остаток: 8;Размер: 4 - Остаток: 6;Размер: 5 - Остаток: 5;Размер: 6 - Остаток: 7;Размер: 7 - Остаток: 7"
;Арт. LM-1691 Футболка Little Maven;Материал: 100 % хлопок Бренд: Little Maven 2 года- длина 35 см, ширина 30 см 3 года- длина 36 см, ширина 31 см 4 года- длина 38 см, ширина 32 см 5 лет- длина 41 см, ширина 33 см 6 лет- длина 43 см, ширина 35 см 7 лет- длина 46 см, ширина 36 см ;235;15;https://junior35.ru/futbolka-little-maven-/-art.-lm-1691.html;https://junior35.ru/assets/images/products/5040/prod/23.jpg;"Размер: 2 - Остаток: 3;Размер: 3 - Остаток: 2;Размер: 4 - Остаток: 2;Размер: 6 - Остаток: 3"
;Арт. LM-1684 Футболка Little Maven;Материал: 100 % хлопок Бренд: Little Maven 2 года- длина 35 см, ширина 30 см 3 года- длина 36 см, ширина 31 см 4 года- длина 38 см, ширина 32 см 5 лет- длина 41 см, ширина 33 см 6 лет- длина 43 см, ширина 35 см 7 лет- длина 46 см, ширина 36 см ;235;15;https://junior35.ru/futbolka-little-maven-/-art.-lm-1684.html;https://junior35.ru/assets/images/products/5033/prod/16.jpg;"Размер: 4 - Остаток: 1"
;Арт. LM-1698 Футболка Little Maven;Материал: 100 % хлопок Бренд: Little Maven 2 года- длина 37 см, ширина 30 см 3 года- длина 39 см, ширина 31 см 4 года- длина 40 см, ширина 32 см 5 лет- длина 43 см, ширина 34 см 6 лет- длина 46 см, ширина 35 см 7 лет- длина 49 см, ширина 37 см ;240;15;https://junior35.ru/futbolka-little-maven-/-art.-lm-1698.html;https://junior35.ru/assets/images/products/5047/prod/30.jpg;"Размер: 3 - Остаток: 1"
;Арт. LM-1696 Футболка Little Maven;Материал: 100 % хлопок Бренд: Little Maven 3 года- длина 36 см, ширина 31 см 4 года- длина 38 см, ширина 32 см 5 лет- длина 41 см, ширина 33 см 6 лет- длина 43 см, ширина 35 см 7 лет- длина 46 см, ширина 36 см ;235;15;https://junior35.ru/futbolka-little-maven-/-art.-lm-1696.html;https://junior35.ru/assets/images/products/5045/prod/28.jpg;"Размер: 3 - Остаток: 4;Размер: 4 - Остаток: 4;Размер: 5 - Остаток: 4;Размер: 6 - Остаток: 6;Размер: 7 - Остаток: 5"
;Арт. LM-1721 Костюм Little Maven;Материал: 100 % хлопок Бренд: Little Maven Костюм на 2 года,футболка длина 36 см,ширина 30 см,   шорты длина 30 см,ширина 30 см Костюм на 3 года,футболка длина 38 см,ширина 31 см,   шорты длина 31 см,ширина 32 см Костюм на 4 года,футболка длина 40 см,ширина 33см,    шорты длина 33 см,ширина 34 см Костюм на 5 лет,футболка длина 42 см,ширина 35 см,      шорты длина 35 см,ширина 36 см Костюм на 6 лет,футболка длина 45 см,ширина 36 см,      шорты длина 36 см,ширина 38 см Костюм на 7 лет,футболка длина 48 см,ширина 37 см,       шорты длина 38 см,ширина 40 см ;480;15;https://junior35.ru/kostyum-little-maven-/-art.-lm-1721.html;https://junior35.ru/assets/images/products/5070/prod/54.jpg;"Размер: 2 - Остаток: 3;Размер: 3 - Остаток: 5;Размер: 4 - Остаток: 5;Размер: 5 - Остаток: 5;Размер: 6 - Остаток: 5;Размер: 7 - Остаток: 5"
;Арт. LM-1725 Костюм Little Maven;Материал: 100 % хлопок Бренд: Little Maven Костюм на 2 года,футболка длина 36 см,ширина 29 см,   шорты длина 29 см,ширина 35 см Костюм на 3 года,футболка длина 39 см,ширина 32 см,   шорты длина 30 см,ширина 31 см Костюм на 4 года,футболка длина 41 см,ширина 33см,    шорты длина 31 см,ширина 32 см Костюм на 5 лет,футболка длина 44 см,ширина 35 см,      шорты длина 33 см,ширина 34 см Костюм на 6 лет,футболка длина 47 см,ширина 36 см,      шорты длина 34 см,ширина 35 см Костюм на 7 лет,футболка длина 49 см,ширина 37 см,       шорты длина 36 см,ширина 36 см ;470;15;https://junior35.ru/kostyum-little-maven-/-art.-lm-1725.html;https://junior35.ru/assets/images/products/5074/prod/57.jpg;"Размер: 2 - Остаток: 3;Размер: 3 - Остаток: 6;Размер: 5 - Остаток: 4;Размер: 6 - Остаток: 4"
;Арт. LM-1723 Костюм Little Maven;Материал: 100 % хлопок Бренд: Little Maven Костюм на 2 года,футболка длина 36 см,ширина 29 см,   шорты длина 29 см,ширина 35 см Костюм на 3 года,футболка длина 39 см,ширина 32 см,   шорты длина 30 см,ширина 31 см Костюм на 4 года,футболка длина 41 см,ширина 33см,    шорты длина 31 см,ширина 32 см Костюм на 5 лет,футболка длина 44 см,ширина 35 см,      шорты длина 33 см,ширина 34 см Костюм на 6 лет,футболка длина 47 см,ширина 36 см,      шорты длина 34 см,ширина 35 см Костюм на 7 лет,футболка длина 49 см,ширина 37 см,       шорты длина 36 см,ширина 36 см ;430;15;https://junior35.ru/kostyum-little-maven-/-art.-lm-1723.html;https://junior35.ru/assets/images/products/5072/prod/55.jpg;"Размер: 3 - Остаток: 4;Размер: 4 - Остаток: 3;Размер: 5 - Остаток: 2;Размер: 6 - Остаток: 5"
;Арт. JM-118 Футболка Jumping meters;Материал: 100 % хлопок Бренд: Jumping Meters 2 года- длина 40 см, ширина 29 см 3 года- длина 41 см, ширина 30 см 4 года- длина 43 см, ширина 32 см 5 лет- длина 45 см, ширина 34 см 6 лет- длина 47 см, ширина 35 см 7 лет- длина 49 см, ширина 36 см ;250;15;https://junior35.ru/futbolka-jumping-meters-/-art.-jm-118.html;https://junior35.ru/assets/images/products/5167/prod/120.jpg https://junior35.ru/assets/images/products/5167/prod/12001.jpg https://junior35.ru/assets/images/products/5167/prod/12002.jpg;"Размер: 7 - Остаток: 5"
;Арт. JM-112 Шорты Jumping meters;Материал: 100 % хлопок Бренд: Jumping Meters Шорты на 2 года длина 28 см,ширина 29 см     Шорты на 3 года длина 30 см,ширина 31 см     Шорты на 4 года длина 32 см,ширина 32 см     Шорты на 5 лет длина 33 см,ширина 34 см     Шорты на 6 лет длина 37 см,ширина 35 см     Шорты на 7 лет длина 38 см,ширина 36 см ;325;15;https://junior35.ru/shortyi-jumping-meters-/-art.-jm-112.html;https://junior35.ru/assets/images/products/5161/prod/114.jpg https://junior35.ru/assets/images/products/5161/prod/11401.jpg https://junior35.ru/assets/images/products/5161/prod/11402.jpg;"Размер: 2 - Остаток: 1"
;Арт. LM-1747 Футболка Little Maven;Материал: 100 % хлопок Бренд: Little Maven 2 года- длина 37 см, ширина 30 см 3 года- длина 39 см, ширина 31 см 4 года- длина 40 см, ширина 32 см 5 лет- длина 43 см, ширина 34 см 6 лет- длина 46 см, ширина 35 см 7 лет- длина 49 см, ширина 37 см ;240;15;https://junior35.ru/futbolka-little-maven-/-art.-lm-1747.html;https://junior35.ru/assets/images/products/5195/prod/79.jpg;"Размер: 3 - Остаток: 2;Размер: 4 - Остаток: 4;Размер: 5 - Остаток: 2"
;Арт. LM-1749 Футболка Little Maven;Материал: 100 % хлопок Бренд: Little Maven 2 года- длина 37 см, ширина 30 см 3 года- длина 39 см, ширина 31 см 4 года- длина 40 см, ширина 32 см 5 лет- длина 43 см, ширина 34 см 6 лет- длина 46 см, ширина 35 см 7 лет- длина 49 см, ширина 37 см ;245;15;https://junior35.ru/futbolka-little-maven-/-art.-lm-1749.html;https://junior35.ru/assets/images/products/5197/prod/81.jpg https://junior35.ru/assets/images/products/5197/prod/8101.jpg;"Размер: 2 - Остаток: 7;Размер: 3 - Остаток: 10;Размер: 4 - Остаток: 9;Размер: 5 - Остаток: 10;Размер: 6 - Остаток: 7;Размер: 7 - Остаток: 4"
;Арт. LM-1748 Футболка Little Maven;Материал: 100 % хлопок Бренд: Little Maven 2 года- длина 37 см, ширина 30 см 3 года- длина 39 см, ширина 31 см 4 года- длина 40 см, ширина 32 см 5 лет- длина 43 см, ширина 34 см 6 лет- длина 46 см, ширина 35 см 7 лет- длина 49 см, ширина 37 см ;245;15;https://junior35.ru/futbolka-little-maven-/-art.-lm-1748.html;https://junior35.ru/assets/images/products/5196/prod/80.jpg https://junior35.ru/assets/images/products/5196/prod/8001.jpg;"Размер: 2 - Остаток: 2;Размер: 3 - Остаток: 4;Размер: 4 - Остаток: 6;Размер: 5 - Остаток: 5;Размер: 6 - Остаток: 8;Размер: 7 - Остаток: 7"
;Арт. LM-1743 Костюм Little Maven;Материал: 100 % хлопок Бренд: Little Maven Костюм на 2 года,футболка длина 36 см,ширина 29 см,   шорты длина 30 см,ширина 33 см Костюм на 3 года,футболка длина 38 см,ширина 32 см,   шорты длина 32 см,ширина 34 см Костюм на 4 года,футболка длина 40 см,ширина 33см,    шорты длина 33 см,ширина 35 см Костюм на 5 лет,футболка длина 42 см,ширина 35 см,      шорты длина 34 см,ширина 36 см Костюм на 6 лет,футболка длина 45 см,ширина 36 см,      шорты длина 36 см,ширина 37 см Костюм на 7 лет,футболка длина 48 см,ширина 38 см,       шорты длина 37 см,ширина 38 см ;475;15;https://junior35.ru/kostyum-little-maven-/-art.-lm-1743.html;https://junior35.ru/assets/images/products/5191/prod/75.jpg;"Размер: 2 - Остаток: 2;Размер: 3 - Остаток: 3;Размер: 4 - Остаток: 1;Размер: 5 - Остаток: 4"
;Арт. LM-1757 Поло Little Maven;Материал: 100 % хлопок Бренд: Little Maven 2 года- длина 37 см, ширина 29 см 3 года- длина 38 см, ширина 31 см 4 года- длина 40 см, ширина 32 см 5 лет- длина 44 см, ширина 34 см 6 лет- длина 47 см, ширина 36 см 7 лет- длина 50 см, ширина 37 см ;345;15;https://junior35.ru/polo-little-maven-/-art.-lm-1757.html;https://junior35.ru/assets/images/products/5205/prod/89.jpg https://junior35.ru/assets/images/products/5205/prod/8901.jpg https://junior35.ru/assets/images/products/5205/prod/8902.jpg https://junior35.ru/assets/images/products/5205/prod/8903.jpg;"Размер: 2 - Остаток: 3;Размер: 3 - Остаток: 2;Размер: 4 - Остаток: 5;Размер: 5 - Остаток: 1;Размер: 6 - Остаток: 3"
;Арт. LM-1754 Поло Little Maven;Материал: 100 % хлопок Бренд: Little Maven 2 года- длина 37 см, ширина 29 см 3 года- длина 38 см, ширина 31 см 4 года- длина 40 см, ширина 32 см 5 лет- длина 44 см, ширина 34 см 6 лет- длина 47 см, ширина 36 см 7 лет- длина 50 см, ширина 37 см ;345;15;https://junior35.ru/polo-little-maven-/-art.-lm-1754.html;https://junior35.ru/assets/images/products/5202/prod/86.jpg https://junior35.ru/assets/images/products/5202/prod/8601.jpg https://junior35.ru/assets/images/products/5202/prod/8602.jpg https://junior35.ru/assets/images/products/5202/prod/8603.jpg;"Размер: 2 - Остаток: 6;Размер: 3 - Остаток: 4;Размер: 4 - Остаток: 6;Размер: 5 - Остаток: 5;Размер: 6 - Остаток: 6;Размер: 7 - Остаток: 6"
;Арт. MW-1700 Костюм Malwee;Материал: 100 % хлопок Бренд: Malwee Костюм на 2 года,футболка длина 38 см,ширина 30 см,    шорты длина 33 см,ширина 35 см Костюм на 3 года,футболка длина 40 см,ширина 32 см,    шорты длина 35 см,ширина 36 см Костюм на 4 года,футболка длина 42 см,ширина 33 см,    шорты длина 37 см,ширина 37 см Костюм на 5 лет,футболка длина 45 см,ширина 35 см,      шорты длина 38 см,ширина 38 см Костюм на 6 лет,фуктболки длина 47 см,ширина 36 см,      шорты длина 39 см,ширина 39 см Костюм на 7 лет,футболка длина 50 см,ширина 38 см,       шорты длина 40 см,ширина 41 см ;490;15;https://junior35.ru/kostyum-malwee-/-art.-mw-1700.html;https://junior35.ru/assets/images/products/5230/prod/42.jpg https://junior35.ru/assets/images/products/5230/prod/4201.jpg;"Размер: 6 - Остаток: 2;Размер: 7 - Остаток: 2"
;Арт. MW-1695 Футболка Malwee;Материал: 100 % хлопок Бренд: Malwee 2 года- длина 38 см, ширина 29 см 3 года- длина 40 см, ширина 31 см 4 года- длина 42 см, ширина 32 см 5 лет- длина 45 см, ширина 34 см 6 лет- длина 46 см, ширина 35 см 7 лет- длина 50 см, ширина 37 см ;240;15;https://junior35.ru/futbolka-malwee-/-art.-mw-1695.html;https://junior35.ru/assets/images/products/5225/prod/36.jpg;"Размер: 2 - Остаток: 1"
;Арт. MW-1694 Футболка Malwee;Материал: 100 % хлопок Бренд: Malwee 2 года- длина 38 см, ширина 29 см 3 года- длина 40 см, ширина 31 см 4 года- длина 42 см, ширина 32 см 5 лет- длина 45 см, ширина 34 см 6 лет- длина 46 см, ширина 35 см 7 лет- длина 50 см, ширина 37 см ;230;15;https://junior35.ru/futbolka-malwee-/-art.-mw-1694.html;https://junior35.ru/assets/images/products/5224/prod/37.jpg;"Размер: 2 - Остаток: 2;Размер: 3 - Остаток: 2;Размер: 4 - Остаток: 1;Размер: 5 - Остаток: 1;Размер: 7 - Остаток: 1"
;Арт. MW-1693 Футболка Malwee;Материал: 100 % хлопок Бренд: Malwee 2 года- длина 38 см, ширина 29 см 3 года- длина 40 см, ширина 31 см 4 года- длина 42 см, ширина 32 см 5 лет- длина 45 см, ширина 34 см 6 лет- длина 46 см, ширина 35 см 7 лет- длина 50 см, ширина 37 см ;225;15;https://junior35.ru/futbolka-malwee-/-art.-mw-1693.html;https://junior35.ru/assets/images/products/5223/prod/35.jpg;"Размер: 3 - Остаток: 2"
;Арт. LM-1763 Футболка Little Maven;Материал: 100 % хлопок Бренд: Little Maven  ;220;15;https://junior35.ru/futbolka-little-maven-/-art.-lm-1763.html;https://junior35.ru/assets/images/products/5238/prod/95.jpg;"Размер: 3 - Остаток: 1"
;Арт. LM-1760 Футболка Little Maven;Материал: 100 % хлопок Бренд: Little Maven 2 года- длина 37 см, ширина 30 см 3 года- длина 39 см, ширина 31 см 4 года- длина 40 см, ширина 32 см 5 лет- длина 43 см, ширина 34 см 6 лет- длина 46 см, ширина 35 см 7 лет- длина 49 см, ширина 37 см ;235;15;https://junior35.ru/futbolka-little-maven-/-art.-lm-1760.html;https://junior35.ru/assets/images/products/5235/prod/92.jpg;"Размер: 2 - Остаток: 1"
;Арт. LM-1769 Поло Little Maven;Материал: 100 % хлопок Бренд: Little Maven  ;340;15;https://junior35.ru/polo-little-maven-/-art.-lm-1769.html;https://junior35.ru/assets/images/products/5244/prod/101.jpg;"Размер: 7 - Остаток: 4"
;Арт. LM-1766 Футболка Little Maven;Материал: 100 % хлопок Бренд: Little Maven 2 года- длина 37 см, ширина 30 см 3 года- длина 39 см, ширина 31 см 4 года- длина 40 см, ширина 32 см 5 лет- длина 43 см, ширина 34 см 6 лет- длина 46 см, ширина 35 см 7 лет- длина 49 см, ширина 37 см ;250;15;https://junior35.ru/futbolka-little-maven-/-art.-lm-1766.html;https://junior35.ru/assets/images/products/5241/prod/98.jpg https://junior35.ru/assets/images/products/5241/prod/9801.jpg https://junior35.ru/assets/images/products/5241/prod/9802.jpg;"Размер: 2 - Остаток: 3;Размер: 4 - Остаток: 4;Размер: 5 - Остаток: 6;Размер: 6 - Остаток: 5;Размер: 7 - Остаток: 7"
;Арт. S-174 Носки (упаковка, 5 шт.);Материал: 78% хлопок, 17% полиамид, 3% эластен Бренд: Socks  ;185;15;https://junior35.ru/noski-(upakovka,-5-sht.)-/-art.-s-174.html;https://junior35.ru/assets/images/products/5255/prod/97.jpg;"Размер: S(1-3г) - Остаток: 27;Размер: M(3-5л) - Остаток: 28;Размер: L(5-8л) - Остаток: 17"
;Арт. S-172 Носки (упаковка, 5 шт.);Материал: 78% хлопок, 17% полиамид, 3% эластен Бренд: Socks  ;185;15;https://junior35.ru/noski-(upakovka,-5-sht.)-/-art.-s-172.html;https://junior35.ru/assets/images/products/5253/prod/101.jpg;"Размер: M(3-5л) - Остаток: 13"
;Арт. S-170 Носки (упаковка, 5 шт.);Материал: 78% хлопок, 17% полиамид, 3% эластен Бренд: Socks  ;185;15;https://junior35.ru/noski-(upakovka,-5-sht.)-/-art.-s-170.html;https://junior35.ru/assets/images/products/5251/prod/95.jpg;"Размер: L(5-8л) - Остаток: 35"
;Арт. S-165 Носки (упаковка, 5 шт.);Материал: 78% хлопок, 17% полиамид, 3% эластен Бренд: Socks  ;185;15;https://junior35.ru/noski-(upakovka,-5-sht.)-/-art.-s-165.html;https://junior35.ru/assets/images/products/5246/prod/94.jpg;"Размер: S(1-3г) - Остаток: 5"
;Арт. LM-1774 Футболка Little Maven;Материал: 100 % хлопок Бренд: Little Maven 2 года- длина 37 см, ширина 30 см 3 года- длина 39 см, ширина 31 см 4 года- длина 40 см, ширина 32 см 5 лет- длина 43 см, ширина 34 см 6 лет- длина 46 см, ширина 35 см 7 лет- длина 49 см, ширина 37 см ;260;15;https://junior35.ru/futbolka-little-maven-/-art.-lm-1774.html;https://junior35.ru/assets/images/products/5261/prod/106.jpg https://junior35.ru/assets/images/products/5261/prod/10601.jpg https://junior35.ru/assets/images/products/5261/prod/10602.jpg;"Размер: 2 - Остаток: 1;Размер: 3 - Остаток: 1;Размер: 4 - Остаток: 7;Размер: 6 - Остаток: 3;Размер: 7 - Остаток: 6"
;Арт. LM-1772 Шорты Little Maven;Материал: 100 % хлопок Бренд: Little Maven Шорты на 2 года длина 29 см,ширина 35 см      Шорты на 3 года длина 30 см,ширина 31 см      Шорты на 4 года длина 31 см,ширина 32 см      Шорты на 5 лет длина 33 см,ширина 34 см       Шорты на 6 лет длина 34 см,ширина 35 см       Шорты на 7 лет длина 36 см,ширина 36 см ;250;15;https://junior35.ru/shortyi-little-maven-/-art.-lm-1772.html;https://junior35.ru/assets/images/products/5259/prod/104.jpg;"Размер: 2 - Остаток: 2;Размер: 4 - Остаток: 4"
;Арт. ВP-068 Рюкзак;Бренд: Backpack  ;460;15;https://junior35.ru/ryukzak-/-art.-vp-068.html;https://junior35.ru/assets/images/products/5266/prod/054.jpg;"Размер: 23*11*20 - Остаток: 4"
;Арт. ВP-069 Рюкзак;Бренд: Backpack  ;460;15;https://junior35.ru/ryukzak-/-art.-vp-069.html;https://junior35.ru/assets/images/products/5267/prod/055.jpg;"Размер: 23*11*20 - Остаток: 5"
;Арт. MW-1708 Футболка Malwee;Материал: 100 % хлопок Бренд: Malwee 2 года- длина 37 см, ширина 29 см 3 года- длина 39 см, ширина 30 см 4 года- длина 41 см, ширина 32 см 5 лет- длина 45 см, ширина 34 см 6 лет- длина 46 см, ширина 35 см 7 лет- длина 50 см, ширина 37 см ;230;15;https://junior35.ru/futbolka-malwee-/-art.-mw-1708.html;https://junior35.ru/assets/images/products/5288/prod/47.jpg;"Размер: 2 - Остаток: 4;Размер: 3 - Остаток: 1"
;Арт. MW-1706 Футболка Malwee;Материал: 100 % хлопок Бренд: Malwee 2 года- длина 37 см, ширина 29 см 3 года- длина 39 см, ширина 30 см 4 года- длина 41 см, ширина 32 см 5 лет- длина 45 см, ширина 34 см 6 лет- длина 46 см, ширина 35 см 7 лет- длина 50 см, ширина 37 см ;235;15;https://junior35.ru/futbolka-malwee-/-art.-mw-1706.html;https://junior35.ru/assets/images/products/5286/prod/50.jpg;"Размер: 2 - Остаток: 4"
;Арт. MW-1710 Футболка Malwee;Материал: 100 % хлопок Бренд: Malwee 2 года- длина 37 см, ширина 30 см 3 года- длина 39 см, ширина 31 см 4 года- длина 40 см, ширина 32 см 5 лет- длина 43 см, ширина 34 см 6 лет- длина 46 см, ширина 35 см 7 лет- длина 49 см, ширина 37 см ;230;15;https://junior35.ru/futbolka-malwee-/-art.-mw-1710.html;https://junior35.ru/assets/images/products/5290/prod/46.jpg;"Размер: 2 - Остаток: 1;Размер: 7 - Остаток: 2"
;Арт. AB-080 Костюм Aosta Betty;Материал: 100 % хлопок Бренд: Aosta Betty Костюм на 2 года,футболка длина 40 см,ширина 29 см,   шорты длина 30 см,ширина 32 см Костюм на 3 года,футболка длина 42 см,ширина 31 см,   шорты длина 31 см,ширина 33 см Костюм на 4 года,футболка длина 44 см,ширина 32см,    шорты длина 32 см,ширина 34 см Костюм на 5 лет,футболка длина 46 см,ширина 33 см,      шорты длина 34 см,ширина 35 см Костюм на 6 лет,футболка длина 48 см,ширина 34 см,      шорты длина 36 см,ширина 36 см Костюм на 7 лет,футболка длина 50 см,ширина 35 см,       шорты длина 38 см,ширина 37 см ;490;15;https://junior35.ru/kostyum-aosta-betty-/-art.-ab-080.html;https://junior35.ru/assets/images/products/5299/prod/058.jpg https://junior35.ru/assets/images/products/5299/prod/05801.jpg https://junior35.ru/assets/images/products/5299/prod/05802.jpg;"Размер: 2 - Остаток: 2;Размер: 4 - Остаток: 1;Размер: 6 - Остаток: 2"
;Арт. AB-078 Костюм Aosta Betty;Материал: 100 % хлопок Бренд: Aosta Betty Костюм на 2 года,футболка длина 40 см,ширина 29 см,   шорты длина 30 см,ширина 32 см Костюм на 3 года,футболка длина 42 см,ширина 31 см,   шорты длина 31 см,ширина 33 см Костюм на 4 года,футболка длина 44 см,ширина 32см,    шорты длина 32 см,ширина 34 см Костюм на 5 лет,футболка длина 46 см,ширина 33 см,      шорты длина 34 см,ширина 35 см Костюм на 6 лет,футболка длина 48 см,ширина 34 см,      шорты длина 36 см,ширина 36 см Костюм на 7 лет,футболка длина 50 см,ширина 35 см,       шорты длина 38 см,ширина 37 см ;490;15;https://junior35.ru/kostyum-aosta-betty-/-art.-ab-078.html;https://junior35.ru/assets/images/products/5297/prod/060.jpg;"Размер: 2 - Остаток: 2"
;Арт. CR-294 Костюм Carters;Материал: 100 % хлопок Бренд: Carters 6 мес-  длина   кофты 28 см,ширина 28 см,  Длина брюк 39 см,     ширина 23 см,    Боди 40 см,ширина 20 см 9 мес- длина кофты 29 см, ширина 29 см. Длина брюк  40 см см, ширина 24 см,      Боди 43 см,ширина 21 см 12 мес- длина кофты 31 см, ширина 30 см. Длина брюк 42см,  ширина 25 см      Боди 44 см,ширина 22 см 18 мес- длина кофты 32 см, ширина 31 см. Длина брюк  44 см, ширина 26 см      Боди 46 см,ширина 24 см 24 мес- длина кофты 34 см, ширина 32 см. Длина брюк 46 см, ширина 29 см       Боди 49 см,ширина 26 см ;740;15;https://junior35.ru/kostyum-carters-/-art.-cr-294.html;https://junior35.ru/assets/images/products/5301/prod/44.jpg;"Размер: 6 мес - Остаток: 6;Размер: 9 мес - Остаток: 7;Размер: 12 мес - Остаток: 6;Размер: 18 мес - Остаток: 8;Размер: 24 мес - Остаток: 4"
;Арт. CR-304 Костюм Carters;Материал: 100 % хлопок Бренд: Carters 3мес-длина боди 36 см,ширина 19 см,Длина штанов 32 см,ширина 23 см  6 мес- длина боди 39 см, ширина 20 см. Длина штанов 34см, ширина 25 см 9 мес- длина боди 42 см, ширина 22 см. Длина штанов 38 см, ширина 26 см 12 мес- длина боди 44 см, ширина 23 см. Длина штанов 40 см, ширина 27 см 18 мес- длина боди 46 см, ширина 24 см. Длина штанов 45 см, ширина 28см 24 мес- длина боди 49 см, ширина 26 см. Длина штанов 49 см, ширина 29 см ;550;15;https://junior35.ru/kostyum-carters-/-art.-cr-304.html;https://junior35.ru/assets/images/products/5310/prod/55.jpg;"Размер: 3 мес - Остаток: 4;Размер: 6 мес - Остаток: 2;Размер: 9 мес - Остаток: 1;Размер: 12 мес - Остаток: 3;Размер: 24 мес - Остаток: 2"
;Арт. CR-302 Костюм Carters;Материал: 100 % хлопок Бренд: Carters 6 мес- длина боди 41 см, ширина 20 см. Длина штанов 34см, ширина 25 см 9 мес- длина боди 43 см, ширина 22 см. Длина штанов 36см, ширина 26 см 12 мес- длина боди 44 см, ширина 23 см. Длина штанов 39 см, ширина 27 см 18 мес- длина боди 47 см, ширина 24 см. Длина штанов 43 см, ширина 28см 24 мес- длина боди 50 см, ширина 26 см. Длина штанов 46см, ширина 29 см ;530;15;https://junior35.ru/kostyum-carters-/-art.-cr-302.html;https://junior35.ru/assets/images/products/5308/prod/42.jpg;"Размер: 6 мес - Остаток: 7;Размер: 9 мес - Остаток: 2;Размер: 12 мес - Остаток: 5;Размер: 18 мес - Остаток: 8;Размер: 24 мес - Остаток: 7"
;Арт. CR-300 Костюм Carters;Материал: 100 % хлопок Бренд: Carters 6 мес-  длина   кофты 28 см,ширина 28 см,  Длина брюк 39 см,     ширина 23 см,    Боди 40 см,ширина 20 см 9 мес- длина кофты 29 см, ширина 29 см. Длина брюк  40 см см, ширина 24 см,      Боди 43 см,ширина 21 см 12 мес- длина кофты 31 см, ширина 30 см. Длина брюк 42см,  ширина 25 см      Боди 44 см,ширина 22 см 18 мес- длина кофты 32 см, ширина 31 см. Длина брюк  44 см, ширина 26 см      Боди 46 см,ширина 24 см 24 мес- длина кофты 34 см, ширина 32 см. Длина брюк 46 см, ширина 29 см       Боди 49 см,ширина 26 см ;740;15;https://junior35.ru/kostyum-carters-/-art.-cr-300.html;https://junior35.ru/assets/images/products/5306/prod/46.jpg;"Размер: 6 мес - Остаток: 7;Размер: 9 мес - Остаток: 4;Размер: 12 мес - Остаток: 4;Размер: 18 мес - Остаток: 6;Размер: 24 мес - Остаток: 3"
;Арт. CR-299 Костюм Carters;Материал: 100 % хлопок Бренд: Carters 6 мес-  длина   кофты 28 см,ширина 28 см,  Длина брюк 39 см,     ширина 23 см,    Боди 40 см,ширина 20 см 9 мес- длина кофты 29 см, ширина 29 см. Длина брюк  40 см см, ширина 24 см,      Боди 43 см,ширина 21 см 12 мес- длина кофты 31 см, ширина 30 см. Длина брюк 42см,  ширина 25 см      Боди 44 см,ширина 22 см 18 мес- длина кофты 32 см, ширина 31 см. Длина брюк  44 см, ширина 26 см      Боди 46 см,ширина 24 см 24 мес- длина кофты 34 см, ширина 32 см. Длина брюк 46 см, ширина 29 см       Боди 49 см,ширина 26 см ;740;15;https://junior35.ru/kostyum-carters-/-art.-cr-299.html;https://junior35.ru/assets/images/products/5305/prod/49.jpg;"Размер: 6 мес - Остаток: 3;Размер: 9 мес - Остаток: 2;Размер: 12 мес - Остаток: 1;Размер: 18 мес - Остаток: 4;Размер: 24 мес - Остаток: 2"
;Арт. CR-329 Песочник Carters;Материал: 100 % хлопок Бренд: Carters 6 мес- длина 40 см, ширина 25 см 9 мес- длина 41 см, ширина 28 см 12 мес- длина 42 см, ширина 29 см 18 мес- длина 46 см, ширина 30 см 24 мес- длина 48 см, ширина 31 см ;295;15;https://junior35.ru/pesochnik-carters-/-art.-cr-307.html;https://junior35.ru/assets/images/products/5314/prod/148.jpg;"Размер: 6 мес - Остаток: 8;Размер: 9 мес - Остаток: 4;Размер: 12 мес - Остаток: 4;Размер: 18 мес - Остаток: 4;Размер: 24 мес - Остаток: 4"
;Арт. CR-322 Костюм Carters;Материал: 100 % хлопок Бренд: Carters 9 мес- длина футболки 31 см, ширина 25 см. Длина шорт 20 см, ширина 28 см 12 мес- длина футболки 33 см, ширина 27 см. Длина шорт 21 см, ширина 29 см 18 мес- длина футболки 35 см, ширина 28 см. Длина шорт 23 см, ширина 30 см 24 мес- длина футболки 36 см, ширина 29 см. Длина шорт 24 см, ширина 31 см 3 года- длина футболки 38 см, ширина 30 см. Длина шорт 28 см, ширина 33 см ;430;15;https://junior35.ru/kostyum-carters-/-art.-cr-322.html;https://junior35.ru/assets/images/products/5329/prod/166.jpg;"Размер: 9 мес - Остаток: 5"
;Арт. CR-310 Песочник Carters;Материал: 100 % хлопок Бренд: Carters 6 мес- длина 40 см, ширина 25 см 9 мес- длина 41 см, ширина 28 см 12 мес- длина 42 см, ширина 29 см 18 мес- длина 46 см, ширина 30 см 24 мес- длина 48 см, ширина 31 см ;295;15;https://junior35.ru/pesochnik-carters-/-art.-cr-310.html;https://junior35.ru/assets/images/products/5317/prod/149.jpg;"Размер: 6 мес - Остаток: 6;Размер: 9 мес - Остаток: 4;Размер: 12 мес - Остаток: 4;Размер: 18 мес - Остаток: 4;Размер: 24 мес - Остаток: 3"
;Арт. CR-309 Песочник Carters;Материал: 100 % хлопок Бренд: Carters 6 мес- длина 40 см, ширина 25 см 9 мес- длина 41 см, ширина 28 см 12 мес- длина 42 см, ширина 29 см 18 мес- длина 46 см, ширина 30 см 24 мес- длина 48 см, ширина 31 см ;295;15;https://junior35.ru/pesochnik-carters-/-art.-cr-309.html;https://junior35.ru/assets/images/products/5316/prod/151.jpg;"Размер: 6 мес - Остаток: 1;Размер: 9 мес - Остаток: 2;Размер: 12 мес - Остаток: 2;Размер: 18 мес - Остаток: 2;Размер: 24 мес - Остаток: 2"
;Арт. CR-323 Костюм Carters;Материал: 100 % хлопок Бренд: Carters 9 мес- длина футболки 31 см, ширина 25 см. Длина шорт 20 см, ширина 28 см 12 мес- длина футболки 33 см, ширина 27 см. Длина шорт 21 см, ширина 29 см 18 мес- длина футболки 35 см, ширина 28 см. Длина шорт 23 см, ширина 30 см 24 мес- длина футболки 36 см, ширина 29 см. Длина шорт 24 см, ширина 31 см 3 года- длина футболки 38 см, ширина 30 см. Длина шорт 28 см, ширина 33 см ;430;15;https://junior35.ru/kostyum-carters-/-art.-cr-323.html;https://junior35.ru/assets/images/products/5330/prod/167.jpg;"Размер: 9 мес - Остаток: 2;Размер: 24 мес - Остаток: 2;Размер: 3 г - Остаток: 1"
;Арт. LM-1776 Майка Little Maven;Материал: 100 % хлопок Бренд: Little Maven На 3 года,длина 38 см,ширина 30 см На 4 года,длина 40 см,ширина 32 см На 5 лет,длина 43 см,ширина 34 см На 6 лет,длина 46 см,ширина 36 см ;190;15;https://junior35.ru/majka-little-maven-/-art.-lm-1776.html;https://junior35.ru/assets/images/products/5350/prod/108.jpg;"Размер: 2 - Остаток: 1"
;Арт. LM-1784 Шорты Little Maven;Материал: 100 % хлопок Бренд: Little Maven Шорты на 2 года длина 32 см,ширина 36 см      Шорты на 3 года длина 34 см,ширина 37 см      Шорты на 4 года длина 36 см,ширина 38 см      Шорты на 5 лет длина 37 см,ширина 40 см       Шорты на 6 лет длина 38 см,ширина 41 см       Шорты на 7 лет длина 40 см,ширина 42 см ;310;15;https://junior35.ru/shortyi-little-maven-/-art.-lm-1784.html;https://junior35.ru/assets/images/products/5358/prod/117.jpg;"Размер: 4 - Остаток: 3;Размер: 5 - Остаток: 3;Размер: 6 - Остаток: 4"
;Арт. LM-1783 Шорты Little Maven;Материал: 100 % хлопок Бренд: Little Maven Шорты на 2 года длина 29 см,ширина 35 см      Шорты на 3 года длина 30 см,ширина 31 см      Шорты на 4 года длина 31 см,ширина 32 см      Шорты на 5 лет длина 33 см,ширина 34 см       Шорты на 6 лет длина 34 см,ширина 35 см       Шорты на 7 лет длина 36 см,ширина 36 см ;340;15;https://junior35.ru/shortyi-little-maven-/-art.-lm-1783.html;https://junior35.ru/assets/images/products/5357/prod/113.jpg;"Размер: 2 - Остаток: 4;Размер: 3 - Остаток: 2;Размер: 4 - Остаток: 2;Размер: 5 - Остаток: 1;Размер: 6 - Остаток: 1;Размер: 7 - Остаток: 1"
;Арт. ВP-092 Рюкзак;Бренд: Backpack  ;420;15;https://junior35.ru/ryukzak-/-art.-vp-092.html;https://junior35.ru/assets/images/products/5382/prod/083.jpg https://junior35.ru/assets/images/products/5382/prod/08101.jpg;"Размер: 32*23*14 - Остаток: 12"
;Арт. ВP-094 Рюкзак;Бренд: Backpack  ;420;15;https://junior35.ru/ryukzak-/-art.-vp-094.html;https://junior35.ru/assets/images/products/5384/prod/088.jpg https://junior35.ru/assets/images/products/5384/prod/08101.jpg;"Размер: 32*23*14 - Остаток: 16"
;Арт. ВP-096 Рюкзак;Бренд: Backpack  ;420;15;https://junior35.ru/ryukzak-/-art.-vp-096.html;https://junior35.ru/assets/images/products/5386/prod/090.jpg https://junior35.ru/assets/images/products/5386/prod/08101.jpg;"Размер: 32*23*14 - Остаток: 4"
;Арт. ВP-100 Рюкзак;Бренд: Backpack  ;420;15;https://junior35.ru/ryukzak-/-art.-vp-100.html;https://junior35.ru/assets/images/products/5390/prod/085.jpg https://junior35.ru/assets/images/products/5390/prod/08101.jpg;"Размер: 32*23*14 - Остаток: 16"
;Арт. ВP-098 Рюкзак;Бренд: Backpack  ;420;15;https://junior35.ru/ryukzak-/-art.-vp-098.html;https://junior35.ru/assets/images/products/5388/prod/087.jpg https://junior35.ru/assets/images/products/5388/prod/08101.jpg;"Размер: 32*23*14 - Остаток: 17"
;Арт. S-177 Носки (упаковка, 5 шт.);Бренд: Socks  ;175;15;https://junior35.ru/noski-(upakovka,-5-sht.)-/-art.-s-177.html;https://junior35.ru/assets/images/products/5392/prod/105.jpg;"Размер: S(0-1г) - Остаток: 20"
;Арт. MW-1713 Костюм Malwee;Материал: 100 % хлопок Бренд: Malwee Костюм на 2 года,футболка длина 40 см,ширина 29 см,   шорты длина 30 см,ширина 32 см Костюм на 3 года,футболка длина 42 см,ширина 31 см,   шорты длина 31 см,ширина 33 см Костюм на 4 года,футболка длина 44 см,ширина 32см,    шорты длина 32 см,ширина 34 см Костюм на 5 лет,футболка длина 46 см,ширина 33 см,      шорты длина 34 см,ширина 35 см Костюм на 6 лет,футболка длина 48 см,ширина 34 см,      шорты длина 36 см,ширина 36 см Костюм на 7 лет,футболка длина 50 см,ширина 35 см,       шорты длина 38 см,ширина 37 см ;490;15;https://junior35.ru/kostyum-malwee-/-art.-mw-1713.html;https://junior35.ru/assets/images/products/5393/prod/56.jpg;"Размер: 2 - Остаток: 1;Размер: 3 - Остаток: 2;Размер: 4 - Остаток: 1;Размер: 5 - Остаток: 2;Размер: 6 - Остаток: 5;Размер: 7 - Остаток: 1"
;Арт. MW-1716 Футболка Malwee;Материал: 100 % хлопок Бренд: Malwee 2 года- длина 37 см, ширина 29 см 3 года- длина 39 см, ширина 30 см 4 года- длина 41 см, ширина 32 см 5 лет- длина 45 см, ширина 34 см 6 лет- длина 46 см, ширина 35 см 7 лет- длина 50 см, ширина 37 см ;255;15;https://junior35.ru/futbolka-malwee-/-art.-mw-1716.html;https://junior35.ru/assets/images/products/5396/prod/62.jpg https://junior35.ru/assets/images/products/5396/prod/6201.jpg https://junior35.ru/assets/images/products/5396/prod/6202.jpg;"Размер: 2 - Остаток: 1;Размер: 3 - Остаток: 1"
;Арт. FK-011 Футболка Forest Kingdom;Материал: 100 % хлопок Бренд: Forest Kingdom 4-5 лет- длина 41 см, ширина 32 см 5-6 лет- длина 43 см, ширина 33 см 6-7 лет- длина 46 см, ширина 35 см 7-8 лет- длина 48 см, ширина 37 см ;230;15;https://junior35.ru/futbolka-forest-kingdom-/-art.-fk-011.html;https://junior35.ru/assets/images/products/5408/prod/13.jpg https://junior35.ru/assets/images/products/5408/prod/1301.jpg;"Размер: 4-5л - Остаток: 6;Размер: 5-6л - Остаток: 3;Размер: 6-7л - Остаток: 12;Размер: 7-8л - Остаток: 10"
;Арт. FK-010 Футболка Forest Kingdom;Материал: 100 % хлопок Бренд: Forest Kingdom 2-3 года-длина 37 см,ширина 28 см 3-4 года- длина 40 см, ширина 30 см 4-5 лет- длина 42 см, ширина 32 см 5-6 лет- длина 44 см, ширина 34 см 6-7 лет- длина 47 см, ширина 36 см 7-8 лет- длина 49 см, ширина 38 см ;230;15;https://junior35.ru/futbolka-forest-kingdom-/-art.-fk-010.html;https://junior35.ru/assets/images/products/5407/prod/12.jpg https://junior35.ru/assets/images/products/5407/prod/1201.jpg;"Размер: 2-3г - Остаток: 2;Размер: 3-4г - Остаток: 3;Размер: 5-6л - Остаток: 3;Размер: 6-7л - Остаток: 2;Размер: 7-8л - Остаток: 4"
;Арт. FK-012 Футболка Forest Kingdom;Материал: 100 % хлопок Бренд: Forest Kingdom 4-5 лет- длина 41 см, ширина 32 см 5-6 лет- длина 43 см, ширина 33 см 6-7 лет- длина 46 см, ширина 35 см 7-8 лет- длина 48 см, ширина 37 см ;230;15;https://junior35.ru/futbolka-forest-kingdom-/-art.-fk-012.html;https://junior35.ru/assets/images/products/5409/prod/14.jpg https://junior35.ru/assets/images/products/5409/prod/1401.jpg;"Размер: 6-7л - Остаток: 6;Размер: 7-8л - Остаток: 5"
;Арт. FK-014 Футболка Forest Kingdom;Материал: 100 % хлопок Бренд: Forest Kingdom 2-3 года-длина 37 см,ширина 28 см 3-4 года- длина 40 см, ширина 30 см 4-5 лет- длина 42 см, ширина 32 см 5-6 лет- длина 44 см, ширина 34 см 6-7 лет- длина 47 см, ширина 36 см 7-8 лет- длина 49 см, ширина 38 см ;230;15;https://junior35.ru/futbolka-forest-kingdom-/-art.-fk-014.html;https://junior35.ru/assets/images/products/5411/prod/16.jpg https://junior35.ru/assets/images/products/5411/prod/1601.jpg;"Размер: 2-3г - Остаток: 3;Размер: 3-4г - Остаток: 1;Размер: 4-5л - Остаток: 7;Размер: 5-6л - Остаток: 5;Размер: 6-7л - Остаток: 7"
;Арт. FK-013 Футболка Forest Kingdom;Материал: 100 % хлопок Бренд: Forest Kingdom 2-3 года-длина 37 см,ширина 28 см 3-4 года- длина 40 см, ширина 30 см 4-5 лет- длина 42 см, ширина 32 см 5-6 лет- длина 44 см, ширина 34 см 6-7 лет- длина 47 см, ширина 36 см 7-8 лет- длина 49 см, ширина 38 см ;230;15;https://junior35.ru/futbolka-forest-kingdom-/-art.-fk-013.html;https://junior35.ru/assets/images/products/5410/prod/15.jpg https://junior35.ru/assets/images/products/5410/prod/1501.jpg;"Размер: 2-3г - Остаток: 2;Размер: 3-4г - Остаток: 5;Размер: 4-5л - Остаток: 7;Размер: 5-6л - Остаток: 8;Размер: 6-7л - Остаток: 7;Размер: 7-8л - Остаток: 8"
;Арт. FK-016 Футболка Forest Kingdom;Материал: 100 % хлопок Бренд: Forest Kingdom 2-3 года-длина 37 см,ширина 28 см 3-4 года- длина 40 см, ширина 30 см 4-5 лет- длина 42 см, ширина 32 см 5-6 лет- длина 44 см, ширина 34 см 6-7 лет- длина 47 см, ширина 36 см 7-8 лет- длина 49 см, ширина 38 см ;230;15;https://junior35.ru/futbolka-forest-kingdom-/-art.-fk-016.html;https://junior35.ru/assets/images/products/5413/prod/17.jpg https://junior35.ru/assets/images/products/5413/prod/1701.jpg;"Размер: 3-4г - Остаток: 4;Размер: 4-5л - Остаток: 4;Размер: 5-6л - Остаток: 5;Размер: 6-7л - Остаток: 6;Размер: 7-8л - Остаток: 6"
;Арт. FK-015 Футболка Forest Kingdom;Материал: 100 % хлопок Бренд: Forest Kingdom 2-3 года-длина 37 см,ширина 28 см 3-4 года- длина 40 см, ширина 30 см 4-5 года- длина 42 см, ширина 32 см 5-6 лет- длина 44 см, ширина 34 см 6-7 лет- длина 47 см, ширина 36 см 7-8 лет- длина 49 см, ширина 38 см ;230;15;https://junior35.ru/futbolka-forest-kingdom-/-art.-fk-015.html;https://junior35.ru/assets/images/products/5412/prod/18.jpg https://junior35.ru/assets/images/products/5412/prod/1801.jpg;"Размер: 3-4г - Остаток: 2;Размер: 5-6л - Остаток: 3;Размер: 6-7л - Остаток: 7;Размер: 7-8л - Остаток: 2"
;Арт. FK-017 Футболка Forest Kingdom;Материал: 100 % хлопок Бренд: Forest Kingdom 2 года- длина 40 см, ширина 30 см 3 года- длина 41см, ширина 31 см 4 года- длина 42 см, ширина 32 см 5 лет- длина 45 см, ширина 34 см 6 лет- длина 49 см, ширина 36 см 7 лет-длина 51 см,ширина 38 см ;220;15;https://junior35.ru/futbolka-forest-kingdom-/-art.-fk-017.html;https://junior35.ru/assets/images/products/5414/prod/19.jpg https://junior35.ru/assets/images/products/5414/prod/1901.jpg;"Размер: 2 - Остаток: 1;Размер: 4 - Остаток: 2;Размер: 6 - Остаток: 2"
;Арт. FK-018 Футболка Forest Kingdom;Материал: 100 % хлопок Бренд: Forest Kingdom 2 года- длина 40 см, ширина 30 см 3 года- длина 41см, ширина 31 см 4 года- длина 42 см, ширина 32 см 5 лет- длина 45 см, ширина 34 см 6 лет- длина 49 см, ширина 36 см ;220;15;https://junior35.ru/futbolka-forest-kingdom-/-art.-fk-018.html;https://junior35.ru/assets/images/products/5415/prod/20.jpg https://junior35.ru/assets/images/products/5415/prod/2001.jpg;"Размер: 2 - Остаток: 4;Размер: 3 - Остаток: 8"
;Арт. FK-024 Костюм Forest Kingdom;Материал: 100 % хлопок Бренд: Forest Kingdom Костюм на 2-3 года,футболка длина 38 см,ширина 29 см,   шорты длина 28 см,ширина 31 см Костюм на 3-4 года,футболка длина 40 см,ширина 30 см,   шорты длина 31 см,ширина 33 см Костюм на 4-5 лет,футболка длина 42 см,ширина 31 см,    шорты длина 33 см,ширина 34 см Костюм на 5-6 лет,футболка длина 44 см,ширина 32 см,      шорты длина 34 см,ширина 35 см Костюм на 6-7 лет,футболка длина 46 см,ширина 33 см,      шорты длина 35 см,ширина 35 см Костюм на 7-8 лет,футболка длина 48 см,ширина 34 см,       шорты длина 36 см,ширина 36 см ;495;15;https://junior35.ru/kostyum-forest-kingdom-/-art.-fk-024.html;https://junior35.ru/assets/images/products/5421/prod/1.jpg https://junior35.ru/assets/images/products/5421/prod/101.jpg https://junior35.ru/assets/images/products/5421/prod/102.jpg;"Размер: 2-3г - Остаток: 3;Размер: 3-4г - Остаток: 3;Размер: 4-5л - Остаток: 2"
;Арт. FK-023 Костюм Forest Kingdom;Материал: 100 % хлопок Бренд: Forest Kingdom Костюм на 2-3 года,футболка длина 40 см,ширина 29 см,   шорты длина 28 см,ширина 31 см Костюм на 3-4 года,футболка длина 42 см,ширина 30 см,   шорты длина 31 см,ширина 33 см Костюм на 4-5 лет,футболка длина 44 см,ширина 31 см,    шорты длина 33 см,ширина 34 см Костюм на 5-6 лет,футболка длина 46 см,ширина 32 см,      шорты длина 34 см,ширина 35 см Костюм на 6-7 лет,футболка длина 48 см,ширина 33 см,      шорты длина 35 см,ширина 35 см Костюм на 7-8 лет,футболка длина 50 см,ширина 34 см,       шорты длина 36 см,ширина 36 см ;495;15;https://junior35.ru/kostyum-forest-kingdom-/-art.-fk-023.html;https://junior35.ru/assets/images/products/5420/prod/21.jpg https://junior35.ru/assets/images/products/5420/prod/2101.jpg https://junior35.ru/assets/images/products/5420/prod/2102.jpg;"Размер: 2-3г - Остаток: 4;Размер: 3-4г - Остаток: 11;Размер: 4-5л - Остаток: 12;Размер: 5-6л - Остаток: 10;Размер: 6-7л - Остаток: 10;Размер: 7-8л - Остаток: 7"
;Арт. FK-022 Костюм Forest Kingdom;Материал: 100 % хлопок Бренд: Forest Kingdom Костюм на 2-3 года,футболка длина 40 см,ширина 29 см,   шорты длина 28 см,ширина 31 см Костюм на 3-4 года,футболка длина 42 см,ширина 30 см,   шорты длина 31 см,ширина 33 см Костюм на 4-5 лет,футболка длина 44 см,ширина 31 см,    шорты длина 33 см,ширина 34 см Костюм на 5-6 лет,футболка длина 46 см,ширина 32 см,      шорты длина 34 см,ширина 35 см Костюм на 6-7 лет,футболка длина 48 см,ширина 33 см,      шорты длина 35 см,ширина 35 см Костюм на 7-8 лет,футболка длина 50 см,ширина 34 см,       шорты длина 36 см,ширина 36 см ;495;15;https://junior35.ru/kostyum-forest-kingdom-/-art.-fk-022.html;https://junior35.ru/assets/images/products/5419/prod/22.jpg https://junior35.ru/assets/images/products/5419/prod/2201.jpg https://junior35.ru/assets/images/products/5419/prod/2202.jpg https://junior35.ru/assets/images/products/5419/prod/2203.jpg;"Размер: 2-3г - Остаток: 1;Размер: 3-4г - Остаток: 4;Размер: 4-5л - Остаток: 4;Размер: 6-7л - Остаток: 3"
;Арт. FK-021 Костюм Forest Kingdom;Материал: 100 % хлопок Бренд: Forest Kingdom Костюм на 2 года,футболка длина 38 см,ширина 29 см,   шорты длина 36 см,ширина 33 см Костюм на 3 года,футболка длина 42 см,ширина 31 см,   шорты длина 37 см,ширина 34 см Костюм на 4 года,футболка длина 44 см,ширина 33 см,    шорты длина 38 см,ширина 35 см Костюм на 5 лет,футболка длина 46 см,ширина 35 см,      шорты длина 38 см,ширина 37 см Костюм на 6 лет,футболка длина 49 см,ширина 36 см,      шорты длина 39 см,ширина 38 см Костюм на 7 лет,футболка длина 52 см,ширина 39 см,       шорты длина 40 см,ширина 39 см ;440;15;https://junior35.ru/kostyum-forest-kingdom-/-art.-fk-021.html;https://junior35.ru/assets/images/products/5418/prod/23.jpg https://junior35.ru/assets/images/products/5418/prod/2301.jpg https://junior35.ru/assets/images/products/5418/prod/2302.jpg;"Размер: 2 - Остаток: 3;Размер: 3 - Остаток: 5;Размер: 4 - Остаток: 5;Размер: 5 - Остаток: 5;Размер: 6 - Остаток: 5;Размер: 7 - Остаток: 5"
;Арт. FK-020 Костюм Forest Kingdom;Материал: 100 % хлопок Бренд: Forest Kingdom Костюм на 2-3 года,футболка длина 40 см,ширина 29 см,   шорты длина 28 см,ширина 31 см Костюм на 3-4 года,футболка длина 42 см,ширина 30 см,   шорты длина 31 см,ширина 33 см Костюм на 4-5 лет,футболка длина 44 см,ширина 31 см,    шорты длина 33 см,ширина 34 см Костюм на 5-6 лет,футболка длина 46 см,ширина 32 см,      шорты длина 34 см,ширина 35 см Костюм на 6-7 лет,футболка длина 48 см,ширина 33 см,      шорты длина 35 см,ширина 35 см Костюм на 7-8 лет,футболка длина 50 см,ширина 34 см,       шорты длина 36 см,ширина 36 см ;495;15;https://junior35.ru/kostyum-forest-kingdom-/-art.-fk-020.html;https://junior35.ru/assets/images/products/5417/prod/25.jpg https://junior35.ru/assets/images/products/5417/prod/2501.jpg https://junior35.ru/assets/images/products/5417/prod/2502.jpg;"Размер: 4-5л - Остаток: 5;Размер: 5-6л - Остаток: 4;Размер: 6-7л - Остаток: 3"
;Арт. FK-019 Костюм Forest Kingdom;Материал: 100 % хлопок Бренд: Forest Kingdom Костюм на 2-3 года,футболка длина 40 см,ширина 29 см,   шорты длина 28 см,ширина 31 см Костюм на 3-4 года,футболка длина 42 см,ширина 30 см,   шорты длина 31 см,ширина 33 см Костюм на 4-5 лет,футболка длина 44 см,ширина 31 см,    шорты длина 33 см,ширина 34 см Костюм на 5-6 лет,футболка длина 46 см,ширина 32 см,      шорты длина 34 см,ширина 35 см Костюм на 6-7 лет,футболка длина 48 см,ширина 33 см,      шорты длина 35 см,ширина 35 см Костюм на 7-8 лет,футболка длина 50 см,ширина 34 см,       шорты длина 36 см,ширина 36 см ;495;15;https://junior35.ru/kostyum-forest-kingdom-/-art.-fk-019.html;https://junior35.ru/assets/images/products/5416/prod/24.jpg https://junior35.ru/assets/images/products/5416/prod/2401.jpg https://junior35.ru/assets/images/products/5416/prod/2402.jpg;"Размер: 2-3г - Остаток: 3;Размер: 3-4г - Остаток: 7;Размер: 4-5л - Остаток: 5"
;Арт. CR-332 Костюм Carters;Материал: 100 % хлопок Бренд: Carters  ;740;15;https://junior35.ru/kostyum-carters-/-art.-cr-332.html;https://junior35.ru/assets/images/products/5422/prod/158.jpg;"Размер: 6 мес - Остаток: 3;Размер: 9 мес - Остаток: 3;Размер: 12 мес - Остаток: 2"
;Арт. CR-335 Комплект боди Carters (5 шт);Материал: 100 % хлопок Бренд: Carters Боди на 6 мес,длина 41 см,ширина 19 см Боди на 9 мес,длина 43 см,ширина 20 см Боди на 12 мес,длина 45 см,ширина 22 см Боди на 18 мес,длина 47 см,ширина 23 см Боди на 24 мес,длина 49 см,ширина 24 см ;720;15;https://junior35.ru/komplekt-bodi-(5-sht)-carters-/-art.-cr-335.html;https://junior35.ru/assets/images/products/5425/prod/152.jpg;"Размер: 18 мес - Остаток: 2"
;Арт. LM-1802 Поло Little Maven;Материал: 100 % хлопок Бренд: Little Maven  ;370;15;https://junior35.ru/polo-little-maven-/-art.-lm-1802.html;https://junior35.ru/assets/images/products/5433/prod/136.jpg https://junior35.ru/assets/images/products/5433/prod/13601.jpg https://junior35.ru/assets/images/products/5433/prod/13602.jpg https://junior35.ru/assets/images/products/5433/prod/13603.jpg;"Размер: 3 - Остаток: 1;Размер: 4 - Остаток: 6;Размер: 5 - Остаток: 6;Размер: 6 - Остаток: 6;Размер: 7 - Остаток: 2"
;Арт. LM-1801 Шорты Little Maven;Материал: 100 % хлопок Бренд: Little Maven Шорты на 2 года длина 29 см,ширина 35 см      Шорты на 3 года длина 30 см,ширина 31 см      Шорты на 4 года длина 31 см,ширина 32 см      Шорты на 5 лет длина 33 см,ширина 34 см       Шорты на 6 лет длина 34 см,ширина 35 см       Шорты на 7 лет длина 36 см,ширина 36 см ;335;15;https://junior35.ru/shortyi-little-maven-/-art.-lm-1801.html;https://junior35.ru/assets/images/products/5432/prod/135.jpg https://junior35.ru/assets/images/products/5432/prod/13501.jpg https://junior35.ru/assets/images/products/5432/prod/13502.jpg;"Размер: 3 - Остаток: 3;Размер: 4 - Остаток: 4;Размер: 5 - Остаток: 4;Размер: 6 - Остаток: 4;Размер: 7 - Остаток: 5"
;Арт. LM-1800 Костюм Little Maven;Материал: 100 % хлопок Бренд: Little Maven Костюм на 2 года,футболка длина 35 см,ширина 30 см,   шорты длина 29 см,ширина 35 см Костюм на 3 года,футболка длина 37 см,ширина 32 см,   шорты длина 30 см,ширина 31 см Костюм на 4 года,футболка длина 39 см,ширина 33см,    шорты длина 31 см,ширина 32 см Костюм на 5 лет,футболка длина 43 см,ширина 34 см,      шорты длина 33 см,ширина 34 см Костюм на 6 лет,футболка длина 46 см,ширина 36 см,      шорты длина 34 см,ширина 35 см Костюм на 7 лет,футболка длина 48 см,ширина 37 см,       шорты длина 36 см,ширина 36 см ;460;15;https://junior35.ru/kostyum-little-maven-/-art.-lm-1800.html;https://junior35.ru/assets/images/products/5431/prod/134.jpg;"Размер: 2 - Остаток: 4;Размер: 3 - Остаток: 7;Размер: 4 - Остаток: 8;Размер: 5 - Остаток: 7;Размер: 6 - Остаток: 7"
;Арт. LM-1799 Костюм Little Maven;Материал: 100 % хлопок Бренд: Little Maven Костюм на 3 года,футболка длина 37 см,ширина 32 см, шорты длина 33 см,ширина 35 см Костюм на 4 года,футболка длина 39 см,ширина 33см, шорты длина 34 см,ширина 37 см Костюм на 5 лет,футболка длина 42 см,ширина 35 см, шорты длина 38 см,ширина 38 см Костюм на 6 лет,футболка длина 44 см,ширина 36 см, шорты длина 39 см,ширина 39 см Костюм на 7 лет,футболка длина 46 см,ширина 37 см, шорты длина 40 см,ширина 40 см ;495;15;https://junior35.ru/kostyum-little-maven-/-art.-lm-1799.html;https://junior35.ru/assets/images/products/5430/prod/133.jpg;"Размер: 3 - Остаток: 7;Размер: 4 - Остаток: 7;Размер: 5 - Остаток: 1;Размер: 7 - Остаток: 6"
;Арт. FK-029 Футболка Forest Kingdom;Материал: 100 % хлопок Бренд: Forest Kingdom  ;220;15;https://junior35.ru/futbolka-forest-kingdom-/-art.-fk-029.html;https://junior35.ru/assets/images/products/5438/prod/30.jpg https://junior35.ru/assets/images/products/5438/prod/3001.jpg;"Размер: 2 - Остаток: 4;Размер: 3 - Остаток: 6;Размер: 4 - Остаток: 8;Размер: 5 - Остаток: 7;Размер: 6 - Остаток: 7;Размер: 7 - Остаток: 3"
;Арт. FK-028 Футболка Forest Kingdom;Материал: 100 % хлопок Бренд: Forest Kingdom 2-3года-длина 37 см,ширина 29 см 3-4 года-длина 39 см,ширина 30 см 4-5 лет- длина 41 см, ширина 32 см 5-6 лет- длина 43 см, ширина 33 см 6-7 лет- длина 46 см, ширина 35 см 7-8 лет- длина 48 см, ширина 37 см ;235;15;https://junior35.ru/futbolka-forest-kingdom-/-art.-fk-028.html;https://junior35.ru/assets/images/products/5437/prod/29.jpg;"Размер: 2-3г - Остаток: 5;Размер: 3-4г - Остаток: 8;Размер: 4-5л - Остаток: 8;Размер: 5-6л - Остаток: 7;Размер: 6-7л - Остаток: 8;Размер: 7-8л - Остаток: 8"
;Арт. FK-027 Футболка Forest Kingdom;Материал: 100 % хлопок Бренд: Forest Kingdom  ;235;15;https://junior35.ru/futbolka-forest-kingdom-/-art.-fk-027.html;https://junior35.ru/assets/images/products/5436/prod/28.jpg;"Размер: 6-7л - Остаток: 7;Размер: 7-8л - Остаток: 6"
;Арт. FK-026 Футболка Forest Kingdom;Материал: 100 % хлопок Бренд: Forest Kingdom  ;230;15;https://junior35.ru/futbolka-forest-kingdom-/-art.-fk-026.html;https://junior35.ru/assets/images/products/5435/prod/27.jpg;"Размер: 2-3г - Остаток: 5;Размер: 3-4г - Остаток: 9;Размер: 4-5л - Остаток: 9;Размер: 5-6л - Остаток: 8;Размер: 6-7л - Остаток: 8;Размер: 7-8л - Остаток: 6"
;Арт. FK-035 Костюм Forest Kingdom;Материал: 100 % хлопок Бренд: Forest Kingdom Костюм на 2-3 года,футболка длина 40 см,ширина 29 см, шорты длина 28 см,ширина 31 см Костюм на 3-4 года,футболка длина 42 см,ширина 30 см, шорты длина 31 см,ширина 33 см Костюм на 4-5 лет,футболка длина 44 см,ширина 31 см, шорты длина 33 см,ширина 34 см Костюм на 5-6 лет,футболка длина 46 см,ширина 32 см, шорты длина 34 см,ширина 35 см Костюм на 6-7 лет,футболка длина 48 см,ширина 33 см, шорты длина 35 см,ширина 35 см Костюм на 7-8 лет,футболка длина 50 см,ширина 34 см, шорты длина 36 см,ширина 36 см ;495;15;https://junior35.ru/kostyum-forest-kingdom-/-art.-fk-035.html;https://junior35.ru/assets/images/products/5443/prod/36.jpg https://junior35.ru/assets/images/products/5443/prod/3601.jpg https://junior35.ru/assets/images/products/5443/prod/3602.jpg;"Размер: 2-3г - Остаток: 5;Размер: 3-4г - Остаток: 8;Размер: 4-5л - Остаток: 8;Размер: 5-6л - Остаток: 7;Размер: 6-7л - Остаток: 8;Размер: 7-8л - Остаток: 6"
;Арт. FK-034 Костюм Forest Kingdom;Материал: 100 % хлопок Бренд: Forest Kingdom Костюм на 2-3 года,футболка длина 40 см,ширина 29 см, шорты длина 28 см,ширина 31 см Костюм на 3-4 года,футболка длина 42 см,ширина 30 см, шорты длина 31 см,ширина 33 см Костюм на 4-5 лет,футболка длина 44 см,ширина 31 см, шорты длина 33 см,ширина 34 см Костюм на 5-6 лет,футболка длина 46 см,ширина 32 см, шорты длина 34 см,ширина 35 см Костюм на 6-7 лет,футболка длина 48 см,ширина 33 см, шорты длина 35 см,ширина 35 см Костюм на 7-8 лет,футболка длина 50 см,ширина 34 см, шорты длина 36 см,ширина 36 см ;495;15;https://junior35.ru/kostyum-forest-kingdom-/-art.-fk-034.html;https://junior35.ru/assets/images/products/5442/prod/35.jpg https://junior35.ru/assets/images/products/5442/prod/3501.jpg https://junior35.ru/assets/images/products/5442/prod/3502.jpg;"Размер: 2-3г - Остаток: 4;Размер: 3-4г - Остаток: 6;Размер: 4-5л - Остаток: 7;Размер: 5-6л - Остаток: 8;Размер: 6-7л - Остаток: 9;Размер: 7-8л - Остаток: 9"
;Арт. FK-033 Костюм Forest Kingdom;Материал: 100 % хлопок Бренд: Forest Kingdom Костюм на 2-3 года,футболка длина 39 см,ширина 29 см, шорты длина 34 см,ширина 32 см Костюм на 3-4 года,футболка длина 42 см,ширина 31 см, шорты длина 33 см,ширина 33 см Костюм на 4-5 лет,футболка длина 43 см,ширина 32 см, шорты длина 36 см,ширина 35 см Костюм на 5-6 лет,футболка длина 46 см,ширина 32 см, шорты длина 37 см,ширина 36 см Костюм на 6-7 лет,футболка длина 48 см,ширина 33 см, шорты длина 37 см,ширина 36 см Костюм на 7-8 лет,футболка длина 49 см,ширина 35 см, шорты длина 38 см,ширина 37 см ;495;15;https://junior35.ru/kostyum-forest-kingdom-/-art.-fk-033.html;https://junior35.ru/assets/images/products/5441/prod/34.jpg https://junior35.ru/assets/images/products/5441/prod/3401.jpg https://junior35.ru/assets/images/products/5441/prod/3402.jpg;"Размер: 3-4г - Остаток: 5;Размер: 4-5л - Остаток: 2;Размер: 5-6л - Остаток: 4;Размер: 6-7л - Остаток: 5"
;Арт. FK-032 Костюм Forest Kingdom;Материал: 100 % хлопок Бренд: Forest Kingdom Костюм на 2-3 года,футболка длина 39 см,ширина 29 см, шорты длина 31 см,ширина 32 см Костюм на 3-4 года,футболка длина 41 см,ширина 32 см, шорты длина 34 см,ширина 34 см Костюм на 4-5 лет,футболка длина 43 см,ширина 32 см, шорты длина 36 см,ширина 35 см Костюм на 5-6 лет,футболка длина 45 см,ширина 33 см, шорты длина 37 см,ширина 36 см Костюм на 6-7 лет,футболка длина 47 см,ширина 34 см, шорты длина 38 см,ширина 37 см Костюм на 7-8 лет,футболка длина 49 см,ширина 35 см, шорты длина 38 см,ширина 38 см ;495;15;https://junior35.ru/kostyum-forest-kingdom-/-art.-fk-032.html;https://junior35.ru/assets/images/products/5440/prod/33.jpg https://junior35.ru/assets/images/products/5440/prod/3301.jpg https://junior35.ru/assets/images/products/5440/prod/3302.jpg;"Размер: 2-3г - Остаток: 4;Размер: 3-4г - Остаток: 9;Размер: 4-5л - Остаток: 5;Размер: 5-6л - Остаток: 7;Размер: 6-7л - Остаток: 9;Размер: 7-8л - Остаток: 7"
;Арт. FK-031 Костюм Forest Kingdom;Материал: 100 % хлопок Бренд: Forest Kingdom Костюм на 2-3 года,футболка длина 40 см,ширина 29 см, шорты длина 28 см,ширина 31 см Костюм на 3-4 года,футболка длина 42 см,ширина 30 см, шорты длина 31 см,ширина 33 см Костюм на 4-5 лет,футболка длина 44 см,ширина 31 см, шорты длина 33 см,ширина 34 см Костюм на 5-6 лет,футболка длина 46 см,ширина 32 см, шорты длина 34 см,ширина 35 см Костюм на 6-7 лет,футболка длина 48 см,ширина 33 см, шорты длина 35 см,ширина 35 см Костюм на 7-8 лет,футболка длина 50 см,ширина 34 см, шорты длина 36 см,ширина 36 см ;495;15;https://junior35.ru/kostyum-forest-kingdom-/-art.-fk-031.html;https://junior35.ru/assets/images/products/5439/prod/32.jpg https://junior35.ru/assets/images/products/5439/prod/3102.jpg https://junior35.ru/assets/images/products/5439/prod/3201.jpg https://junior35.ru/assets/images/products/5439/prod/3203.jpg;"Размер: 3-4г - Остаток: 8;Размер: 4-5л - Остаток: 9;Размер: 5-6л - Остаток: 9;Размер: 6-7л - Остаток: 8;Размер: 7-8л - Остаток: 9"
;Арт. FK-030 Костюм Forest Kingdom;Материал: 100 % хлопок Бренд: Forest Kingdom Костюм на 2 года,футболка длина 38 см,ширина 32 см, шорты длина 35 см,ширина 33 см Костюм на 3 года,футболка длина 41 см,ширина 32 см, шорты длина 35 см,ширина 34 см Костюм на 4 лет,футболка длина 42 см,ширина 33 см, шорты длина 35 см,ширина 35 см Костюм на 5 лет,футболка длина 45 см,ширина 35 см, шорты длина 37 см,ширина 36 см Костюм на 6 лет,футболка длина 48 см,ширина 36 см, шорты длина 38 см,ширина 38 см Костюм на 7 лет,футболка длина 50 см,ширина 39 см, шорты длина 38 см,ширина 39 см ;440;15;https://junior35.ru/kostyum-forest-kingdom-/-art.-fk-030.html;https://junior35.ru/assets/images/products/5444/prod/31.jpg;"Размер: 2 - Остаток: 5;Размер: 3 - Остаток: 9;Размер: 4 - Остаток: 8;Размер: 5 - Остаток: 9;Размер: 6 - Остаток: 7;Размер: 7 - Остаток: 8"
;Арт. CR-340 Костюм Carters;Материал: 100 % хлопок Бренд: Carters  ;430;15;https://junior35.ru/kostyum-carters-/-art.-cr-340.html;https://junior35.ru/assets/images/products/5449/prod/163.jpg;"Размер: 9 мес - Остаток: 4;Размер: 12 мес - Остаток: 4;Размер: 18 мес - Остаток: 3;Размер: 24 мес - Остаток: 4"
;Арт. CR-339 Костюм Carters;Материал: 100 % хлопок Бренд: Carters  ;430;15;https://junior35.ru/kostyum-carters-/-art.-cr-339.html;https://junior35.ru/assets/images/products/5448/prod/164.jpg;"Размер: 9 мес - Остаток: 6;Размер: 12 мес - Остаток: 5;Размер: 18 мес - Остаток: 6;Размер: 24 мес - Остаток: 5;Размер: 3 г - Остаток: 3"
;Арт. CR-343 Костюм Carters;Материал: 100 % хлопок Бренд: Carters 6 мес-  длина   кофты 28 см,ширина 28 см,  Длина брюк 39 см,     ширина 23 см,    Боди 40 см,ширина 20 см 9 мес- длина кофты 29 см, ширина 29 см. Длина брюк  40 см см, ширина 24 см,      Боди 43 см,ширина 21 см 12 мес- длина кофты 31 см, ширина 30 см. Длина брюк 42см,  ширина 25 см      Боди 44 см,ширина 22 см 18 мес- длина кофты 32 см, ширина 31 см. Длина брюк  44 см, ширина 26 см      Боди 46 см,ширина 24 см 24 мес- длина кофты 34 см, ширина 32 см. Длина брюк 46 см, ширина 29 см       Боди 49 см,ширина 26 см ;740;15;https://junior35.ru/kostyum-carters-/-art.-cr-343.html;https://junior35.ru/assets/images/products/5452/prod/167.jpg;"Размер: 6 мес - Остаток: 1;Размер: 9 мес - Остаток: 2;Размер: 18 мес - Остаток: 1"
;Арт. CR-347 Костюм Carters;Материал: 100 % хлопок Бренд: Carters 6 мес- длина боди 41 см, ширина 20 см. Длина штанов 39 см, ширина 25 см 9 мес- длина боди 43 см, ширина 22 см. Длина штанов 40см, ширина 26 см 12 мес- длина боди 44 см, ширина 23 см. Длина штанов 42 см, ширина 27 см 18 мес- длина боди 47 см, ширина 24 см. Длина штанов 46 см, ширина 28см 24 мес- длина боди 50 см, ширина 26 см. Длина штанов 48см, ширина 29 см ;530;15;https://junior35.ru/kostyum-carters-/-art.-cr-347.html;https://junior35.ru/assets/images/products/5456/prod/160.jpg;"Размер: 6 мес - Остаток: 6;Размер: 9 мес - Остаток: 4;Размер: 12 мес - Остаток: 5;Размер: 18 мес - Остаток: 6;Размер: 24 мес - Остаток: 4"
;Арт. CR-345 Костюм Carters;Материал: 100 % хлопок Бренд: Carters 6 мес- длина боди 41 см, ширина 20 см. Длина штанов 38 см, ширина 25 см 9 мес- длина боди 43 см, ширина 22 см. Длина штанов 40см, ширина 26 см 12 мес- длина боди 44 см, ширина 23 см. Длина штанов 42 см, ширина 27 см 18 мес- длина боди 47 см, ширина 24 см. Длина штанов 44 см, ширина 28см 24 мес- длина боди 50 см, ширина 26 см. Длина штанов 47см, ширина 29 см ;530;15;https://junior35.ru/kostyum-carters-/-art.-cr-345.html;https://junior35.ru/assets/images/products/5454/prod/162.jpg;"Размер: 6 мес - Остаток: 6;Размер: 9 мес - Остаток: 6;Размер: 12 мес - Остаток: 5;Размер: 18 мес - Остаток: 6;Размер: 24 мес - Остаток: 5"
;Арт. LM-1808 Костюм Little Maven;Материал: 100 % хлопок Бренд: Little Maven Костюм на 2 года,футболка длина 39 см,ширина 32 см,шорты длина 32 см,ширина 32 см Костюм на 3 года,футболка длина 40 см,ширина 33 см, шорты длина 33 см,ширина 35 см Костюм на 4 года,футболка длина 41 см,ширина 34 см, шорты длина 35 см,ширина 36 см Костюм на 5 лет,футболка длина 44 см,ширина 35 см, шорты длина 38 см,ширина 38 см Костюм на 6 лет,футболка длина 46 см,ширина 36 см, шорты длина 39 см,ширина 39 см Костюм на 7 лет,футболка длина 48 см,ширина 37 см, шорты длина 40 см,ширина 40 см ;515;15;https://junior35.ru/kostyum-little-maven-/-art.-lm-1808.html;https://junior35.ru/assets/images/products/5461/prod/141.jpg https://junior35.ru/assets/images/products/5461/prod/14101.jpg https://junior35.ru/assets/images/products/5461/prod/14102.jpg https://junior35.ru/assets/images/products/5461/prod/14103.jpg;"Размер: 2 - Остаток: 1;Размер: 3 - Остаток: 6;Размер: 4 - Остаток: 6;Размер: 5 - Остаток: 3;Размер: 6 - Остаток: 5"
;Арт. S-178 Носки (упаковка, 5 шт.);Материал: 78.8 % хлопок, 16.3 % полиэстер, 4,9% эластэн Бренд: Socks  ;185;15;https://junior35.ru/noski-(upakovka,-5-sht.)-/-art.-s-178.html;https://junior35.ru/assets/images/products/5462/prod/107.jpg;"Размер: L(5-8л) - Остаток: 6"
;Арт. CR-351 Толстовка Carters;Бренд: Carters 9 мес-длина 30 см,ширина 29 см 12 мес-длина 31 см,ширина 31 см 18 мес-длина 33 см,ширина 32 см 24 мес-длина 34 см,ширина 34 см 3года-длина 36 см,ширина 35 см ;355;15;https://junior35.ru/tolstovka-carters-/-art.-cr-351.html;https://junior35.ru/assets/images/products/5467/prod/177.jpg;"Размер: 9 - Остаток: 4;Размер: 12 - Остаток: 4;Размер: 18 - Остаток: 3;Размер: 24 - Остаток: 2"
;Арт. CR-352 Толстовка Carters;Бренд: Carters 9 мес-длина 30 см,ширина 29 см 12 мес-длина 31 см,ширина 31 см 18 мес-длина 33 см,ширина 32 см 24 мес-длина 34 см,ширина 34 см 3года-длина 36 см,ширина 35 см ;355;15;https://junior35.ru/tolstovka-carters-/-art.-cr-352.html;https://junior35.ru/assets/images/products/5468/prod/180.jpg;"Размер: 9 - Остаток: 3;Размер: 12 - Остаток: 1;Размер: 18 - Остаток: 2"
;Арт. CR-358 Комбинезон хлопковый Carters;Бренд: Carters 3 мес-длина 52 см,ширина 25см 6 мес-длина 59 см,ширина 26 см 9 мес-длина 63 см,ширина 28 см 12 см-длина 67 см,ширна 29 см ;380;15;https://junior35.ru/kombinezon-carters-/-art.-cr-358.html;https://junior35.ru/assets/images/products/5474/prod/171.jpg;"Размер: 3 - Остаток: 5;Размер: 6 - Остаток: 5;Размер: 9 - Остаток: 5;Размер: 12 - Остаток: 4"
;Арт. CR-359 Комбинезон хлопковый Carters;Бренд: Carters 3 мес-длина 49 см,ширина 25см 6 мес-длина 53 см,ширина 26 см 9 мес-длина 58 см,ширина 28 см 12 см-длина 62 см,ширна 29 см ;380;15;https://junior35.ru/kombinezon-carters-/-art.-cr-359.html;https://junior35.ru/assets/images/products/5475/prod/170.jpg;"Размер: 3 - Остаток: 5;Размер: 6 - Остаток: 4;Размер: 9 - Остаток: 5;Размер: 12 - Остаток: 5"
;Арт. ВP-101 Ранец;Бренд: Backpack  ;1 300;15;https://junior35.ru/ranecz-/-art.-vp-101.html;https://junior35.ru/assets/images/products/5476/prod/91.jpg https://junior35.ru/assets/images/products/5476/prod/9101.jpg https://junior35.ru/assets/images/products/5476/prod/9103.jpg;"Размер: 40*24*14 - Остаток: 1"
;Арт. ВP-103 Ранец;Бренд: Backpack  ;1 300;15;https://junior35.ru/ranecz-/-art.-vp-103.html;https://junior35.ru/assets/images/products/5478/prod/92.jpg;"Размер: 40*24*14 - Остаток: 1"
;Арт. ВP-104 Ранец;Бренд: Backpack  ;1 300;15;https://junior35.ru/ranecz-/-art.-vp-104.html;https://junior35.ru/assets/images/products/5479/prod/94.jpg;"Размер: 40*24*14 - Остаток: 5"
;Арт. ВP-108 Ранец;Бренд: Backpack  ;1 400;15;https://junior35.ru/ranecz-/-art.-vp-108.html;https://junior35.ru/assets/images/products/5483/prod/100.jpg;"Размер: 37*30*17 - Остаток: 5"
;Арт. ВP-087 Рюкзак;Бренд: Backpack  ;460;15;https://junior35.ru/ryukzak-/-art.-vp-087.html;https://junior35.ru/assets/images/products/5368/prod/103.jpg;"Размер: 23*11*10 - Остаток: 6"
